id_alagamento,lat,lon,latlon,bairro,id_bairro,seguimentos_waze,id_pluviometro_prox,distancia_pluviometro_prox,id_pluviometro_referencia,área_influencia_idf,mm_chuva_critico,id_camera(mais proxima),id_estacao_fluviometrica_proxima,top50,orgão_que_cadastrou,classificação_rioaguas,classificacao_cor*,bacia_hidrográfica,sub-bacia,diagnóstico,sintese,endereco,medi_link,data_cadastramento,data_ultima_modificação
automático,obrigatório,obrigatório,automatico,automático,automático,obrigatório,automático,automático,automático,automático,não obrigatório,automático,futuro,não obrigatório,obrigatório,não obrigatório,não obrigatório,automático,automático,obrigatório,como ele surgiu o que foi feito pra eliminar,obrigatório,,,
1,"-22,91034081","-43,20648897","-22.91034081, -43.20648897",Cidade Nova,,,32,"2175,24",,,,,,,,critico/monitorado/novos/observados,bolsão/lamina na via,,,limpeza/obra/estudo,rioaguas tem isso,"Av. Presidente Vargas, Cidade Nova",https://doc-04-b8-mymaps.googleusercontent.com/untrusted/hostedimage/rv9gv6a0uatkmfi7763nt885rk/8sckjp6ituoft60jm44kd492b4/1643036021250/kbODTGayMZyZsa1Q1BvBVZC_mlh3N4sO/04179419560406408847/5AIsG_vbyH6iDmBCPCNeHY39_Bg2titpoaDS0yfhVRMzCyeZsTx0nir-LaNgk7WUNl6dL3AqWBXwOn_KPseZW6iv24-kmqK6Tt5wlzpF6epH7fU_dXlGfzkkxlWAObVV53kxpC9ITCEGjVNR_5wSL-CkZ4DobslAwVtj81xChk06Q3nZUbtFNwEy0Q32j0L_T_nqvRdil?session=3&fife https://doc-0o-b8-mymaps.googleusercontent.com/untrusted/hostedimage/rv9gv6a0uatkmfi7763nt885rk/m5p5a4jt6lvfj5sih8k02pg4c8/1643036021250/kbODTGayMZyZsa1Q1BvBVZC_mlh3N4sO/04179419560406408847/5AIsG_vZ58qQQQv_DkibnFqcU_2zXbds3POdYajVQ4FvPqkcj-Dqu7Pxo1LuXV0uxqQYfcinh9NYPoEPPS8EEIfMb1UVHBRiQGzT1QUadfiDEl8P23q4F2PL1cBhvknzQCSSxf-_5SxupYcMrcAfybU7FA4DMKImvuLlZdGBdFHhWz0iG4HTGB4d4AYoALGa6MQhT78TQ?session=3&fife https://doc-0k-b8-mymaps.googleusercontent.com/untrusted/hostedimage/rv9gv6a0uatkmfi7763nt885rk/lgup36r15qnsnbpatlttapeegk/1643036021250/kbODTGayMZyZsa1Q1BvBVZC_mlh3N4sO/04179419560406408847/5AIsG_vYuP3raRhbOSH4w9D-6kKhO5tZ5noW5AJnXoIOA0Z0-RZ5hwUX0g7rKpvsLYEXFEXXM5XUwPcBLLiNeng7c2_NBtfPcvxanmrSMjGc5dXcLO4G99pfbFK_6JO7PozORsh41pnZ6mL4_jynoX8wsbu4uvOUJtlOZMyHB2cx-k3Hx3S8Rso4ZLnNeeiJppKusajre?session=3&fife https://doc-10-b8-mymaps.googleusercontent.com/untrusted/hostedimage/rv9gv6a0uatkmfi7763nt885rk/gpjae7fis3va7agej98ooj2joc/1643036021250/kbODTGayMZyZsa1Q1BvBVZC_mlh3N4sO/04179419560406408847/5AIsG_vavZz3ARXFZylSTo0oURNSMvdLobLxpPXU_CAI0BAmG7xynbIdaa_g-6o3sAg1cjxcQ4jv_M1H9Jb8llwsxU4539eZrfwu1iuIvIrrgnouqq3I9seWo3qB-aYFESJnKwmu1bIxaxcnxx_65Dz13Yw5zLgNQsDKpTUNqMsWTIpkATSranHc7XwM7siKuZ3MyJPwA?session=3&fife https://doc-00-b8-mymaps.googleusercontent.com/untrusted/hostedimage/rv9gv6a0uatkmfi7763nt885rk/ivpiame784a2kqn6vrac5g1els/1643036021250/kbODTGayMZyZsa1Q1BvBVZC_mlh3N4sO/04179419560406408847/5AIsG_vbs_MlL_JaCLVysYW_1VKvTMXjVG_tbtvwa3OcNaQB0xetK1yUMNxgfgl6v92GcsRZa2qKqgJVlU2xbEqoIkFRcOqY-PcO18mskO5pwvXxNvsUaBLIQgrYd1NUPaile2wdGTJJgIr4Zm-2ylw_8R7Iz7szBgqeBM2SqEMP3WSizKcoVF2oSgQb_DzDp-vmyBvej?session=3&fife,,
2,"-22,90596897","-43,21020216","-22.90596897, -43.21020216",Santo Cristo,,,32,"1565,41",,,,,,,*todo ponto que entra é observado até ser analisado,,,,,como que resolve,,"Av. Francisco Bicalho, altura IML",https://doc-10-b8-mymaps.googleusercontent.com/untrusted/hostedimage/rv9gv6a0uatkmfi7763nt885rk/ta4vb2hjqcqn1jevjd9ijjphhs/1643036021250/kbODTGayMZyZsa1Q1BvBVZC_mlh3N4sO/04179419560406408847/5AIsG_vZUV9JPcaaxcJciB7ToLzW6Y_1ZI4VsWnIH4zTi7-wDTJjPju7b0WcHQs9hGRK_bdE1u18abWLzZ7cW-IKOIfn9jiGsc5vy5_IL_jNfRsVq5EIc5qCn5TRHh7SRnjbdXwdresofr6HlNP7ImnQf_otG_9_dVL_FlkzLQ1JR0DDKMOJe_IbMlalKuG_Jik7P_QQg?session=3&fife https://doc-0g-b8-mymaps.googleusercontent.com/untrusted/hostedimage/rv9gv6a0uatkmfi7763nt885rk/duh5b076ghol0du2mjc655s2mo/1643036021250/kbODTGayMZyZsa1Q1BvBVZC_mlh3N4sO/04179419560406408847/5AIsG_vbx_lja2t8y1AvkoCiRSYbKww9BpVgMkboMpy29qb-YzRAxopyXXGABFa3VU2ypG7mUEyqea9awkYHyYgXHYP_G_BzFjy4msg2tlxrrPmTVYS4JJI6SfEJAXDN_o70xqVBSUsGNd2DrJZbYmwGOK0y_CYpDvtFQGRZQ2oaSOCfCXn1WKApACUtAwHzgx1jW-D6Y?session=3&fife https://doc-0k-b8-mymaps.googleusercontent.com/untrusted/hostedimage/rv9gv6a0uatkmfi7763nt885rk/qruk778kco08ec0scj0o81be4g/1643036021250/kbODTGayMZyZsa1Q1BvBVZC_mlh3N4sO/04179419560406408847/5AIsG_va9xHFgjyTkI5HICIcfvtkYbCGC30Yg6UANzOPr_nyrHtV3NU6dIV96FLV1lWTmor1qro_64uaeK6ZYnPrdXS-LxVcDL8rhavY8RDbHNwzJ173ReJVUTUGWxnLsVGJIOm5lug1s3Wk7rWBi2eyN-yidWCHyrarc6hiMh23iQWRYJhKJzNR-NODIz6Kf8z-1P6eB?session=3&fife,,
3,"-22,99761520","-43,26462400","-22.99761520, -43.26462400",São Conrado,,,3,"2399,16",,,,,,,,,,,,,,"Autoestrada Eng. Fernando Mac Dowell, altura Gávea Golf Club",,,
4,"-22,99244005","-43,25140625","-22.99244005, -43.25140625",Rocinha,,,3,"985,33",,,,,,,,,,,,,,"Autoestrada Eng. Fernando Mcdowell, altura Rocinha - Pista sentido Barra",https://doc-00-b8-mymaps.googleusercontent.com/untrusted/hostedimage/rv9gv6a0uatkmfi7763nt885rk/abqpe1aksfdk5lame1ft48qpv8/1643036021250/kbODTGayMZyZsa1Q1BvBVZC_mlh3N4sO/04179419560406408847/5AIsG_vaysiQuJYaNmgtKOZ36ZVucQJTbeYtDeeSM6DPYOGQ9xLM0SdAHsifwIVFPI0vJ9Pl12uelZeYR3-cMDzZdPkA0JVi9WnTcWp-hlsnixD6Awgn32CmMsPa7rBYELo89iCRr8xZpub04NwxzLrQbnKB5VLtWvC3ORQAn4rWcx6GZQUIQlFr4AspoeNMGqSs_Z6I?session=3&fife https://doc-0k-b8-mymaps.googleusercontent.com/untrusted/hostedimage/rv9gv6a0uatkmfi7763nt885rk/qjorb0b2sn5u83276rdo25pk10/1643036021250/kbODTGayMZyZsa1Q1BvBVZC_mlh3N4sO/04179419560406408847/5AIsG_va2pXgXjBiKNOj1aFi6ylpOLG3CnpNTJB_UCXNX5Q3NKCrfujkRXnJfrfHr0asZHuaErLX75XDvIgF1CFAXS1Z0KlUknBzjUS7ofCM6BC1f70mgRu4Af_4IRMrxDHPuqKIMax3qX7jTDiKUjz43MvuLoNIl_YsvUJETot-jYuHQIF0UzbWyIf1J2bywo0xKdCbu?session=3&fife https://doc-0s-b8-mymaps.googleusercontent.com/untrusted/hostedimage/rv9gv6a0uatkmfi7763nt885rk/6pthgpts05gjuvo7sfi4dt3ju0/1643036021250/kbODTGayMZyZsa1Q1BvBVZC_mlh3N4sO/04179419560406408847/5AIsG_vbe0sjo-gMc9G2G4Kxem1u8QYO5rsgexrUc9LoqLgiSzrTDnQJWcAKxF9zRSs3wW4_gDnP3Ayjq3ydFMoIlBYvXJzIoN-7KH9-AIcLpFu95OoblEW5qyXeu4bGfuAC30gsEIhwIg-Kk5oy57cmKsAopx6L_5LA66Up1UAP9O7LwpoJPjFCrZiHM04_tzDkXlnQ?session=3&fife https://doc-08-b8-mymaps.googleusercontent.com/untrusted/hostedimage/rv9gv6a0uatkmfi7763nt885rk/hh267cg2mmpttbcg88k144stu4/1643036021250/kbODTGayMZyZsa1Q1BvBVZC_mlh3N4sO/04179419560406408847/5AIsG_vajPyEeOn7sMS4-fK3GzVBT_uz6_JtpJp7dnJH_9CmdHhiTZTNCXlcemoMsslG3yeoM6XMwpAIjDlT4u7VVq2NxlXZPY0PPgz6OIPNnZpnbJr1WaGjeponCRjswbfF8Lkls1hKtJU6p27NpV5QoLhFTqJ5yl0c-o0lKOCU4tXBe6b_5e-oHn8_tFTbg-JezHYf5?session=3&fife,,
5,"-22,98078929","-43,20688762","-22.98078929, -43.20688762",Ipanema,,,6,"1892,13",,,,,,,,,,,,,,Av. Epitácio Pessoa x Rua Maria Quitéria,https://doc-0c-b8-mymaps.googleusercontent.com/untrusted/hostedimage/rv9gv6a0uatkmfi7763nt885rk/e9fovsubpndjj3hah40qmqq338/1643036021250/kbODTGayMZyZsa1Q1BvBVZC_mlh3N4sO/04179419560406408847/5AIsG_vbyoT4Xps3G73hrTS81cpLZGN2VCzcwGAQOALlpsL1-HesSJ8zjXvMj9A_wmCwwAVxiMwYp-774KTY9gmPHLNz7CeW53kHuRPVYay8c2Tvvlc2QEAAsdpXt_AqB0WnT5etl2mK_Ud-iYauowJDM_rpHhTQdDrw94SzTF-Qs-PFiXCEoN8UHk4kA1r5blH43DQtU?session=3&fife https://doc-0g-b8-mymaps.googleusercontent.com/untrusted/hostedimage/rv9gv6a0uatkmfi7763nt885rk/ccnpavj79fk5lgkn1e3p0jgrmg/1643036021250/kbODTGayMZyZsa1Q1BvBVZC_mlh3N4sO/04179419560406408847/5AIsG_vbE3YZqCl0rGM8mCsFNwSm0ZmhF6yBEg3LngXcFUixSteZw6CgPjYrXtwkJBQOHCCGXEuuL3__WvRQyZEw4pOlP6qdvmHGAwzNxRFvlY602Q-6Z_WDkemXbtm4gtd8Ydx3DCRlVnU6owDp1vqHHx9aPjKyNy0Suzzt_lrU7uY5mPn8_3ijCt16uYKgKQKwzEeiX?session=3&fife https://doc-0k-b8-mymaps.googleusercontent.com/untrusted/hostedimage/rv9gv6a0uatkmfi7763nt885rk/obir1p4qhieoqpdc2nirrlmuoc/1643036021250/kbODTGayMZyZsa1Q1BvBVZC_mlh3N4sO/04179419560406408847/5AIsG_vamDVI47hV16T6znjMH2QmvGZJl23fDib2tcTzL535H2plX5dHf4uDt8aPqKJIbmFEWmhCsR3FfTHDV5NUR_r8OAxd8yYhUykXfCEeIbsjzuKJBrnZHe0ubxwqqoU1m3NgYwTyTx_zgNT6vNkNuZkoMyoYNh_Dav0mGawJe1wA-F0yvVDvKpEW0z26ZWh5mBs2L?session=3&fife https://doc-0o-b8-mymaps.googleusercontent.com/untrusted/hostedimage/rv9gv6a0uatkmfi7763nt885rk/omqorqdb4jdqvpavotqrvema8k/1643036021250/kbODTGayMZyZsa1Q1BvBVZC_mlh3N4sO/04179419560406408847/5AIsG_vYNrZeNGvffqPBZhUORDBQARJCyijcD4WjPQovntSxKJPfnPKgaWMuQg4qbQ0l52I-ABgBdcXadGYmG6FRXhkIUvPityaNgMLoh6xMkHVc6KzgPNRnZbcxg4r2iH-zGqOC0ht1rrLcAr49-Owj0BJK0kPPFEgv2_V4e5Xsq6lhMJu9s4qexOrru9fsu20-ZuwDU?session=3&fife https://doc-08-b8-mymaps.googleusercontent.com/untrusted/hostedimage/rv9gv6a0uatkmfi7763nt885rk/r6j3vgm4gcgujoch3ef7gh224c/1643036021250/kbODTGayMZyZsa1Q1BvBVZC_mlh3N4sO/04179419560406408847/5AIsG_vYFHDuJqhXCt1aOBI_okIihx0stPRNOdf2426SM7cUpunAuHtae5MUBXQKwmTZ50winz_XWJfSL-urmiCO3egpEtJZDDSQ44QyKcUKXAWLnYnz18RqTuR3vKN1EVhCeKQ76QoRIgBLMtx1GU2E1KVnDEja2ItdjHVc0YNBXxp_fEWixGj7Qji3LvyN3VnOJIXA?session=3&fife https://doc-0o-b8-mymaps.googleusercontent.com/untrusted/hostedimage/rv9gv6a0uatkmfi7763nt885rk/n241e87geli47bhfrpvv8bn3eg/1643036021250/kbODTGayMZyZsa1Q1BvBVZC_mlh3N4sO/04179419560406408847/5AIsG_va9VSTgfUL6nOMmc-f9YVjh7UzehOtdb3h7vfxL0kEBHceJBTD0UwVrghnsNzpNQ1oeXE1Io-kQgatFk0bVm1SGwlYBK8jXPnf_OkNL02qdfDCpzbKSMfWBaD8jONEFtmeeIpNpm7VMdVToIPetQWSAK4zbLgsTHNP9cihnVs2NG_LrizGXJDdbWHMLPLbZWFc?session=3&fife https://doc-14-b8-mymaps.googleusercontent.com/untrusted/hostedimage/rv9gv6a0uatkmfi7763nt885rk/tjp0jrh79gm746flbgs6ecikgk/1643036021250/kbODTGayMZyZsa1Q1BvBVZC_mlh3N4sO/04179419560406408847/5AIsG_vZaRujPjBNeu3Pl5NKF10YwxAuBGdXz8dpRsappEOc1bbgVx4EdFhuxrGJyP3IVTW7wrwK_U90h4wpkuRi9TTtnySX2of2ooWCU-zzv3o_YoUKdhV7CwlgilxzdcQIHCddEyM6bW14lyF5vrSJ-sv0P2sgGF351kbPeTNPuRZaTiXY3pAVkie0kWQuZlzh6MM0G?session=3&fife https://doc-10-b8-mymaps.googleusercontent.com/untrusted/hostedimage/rv9gv6a0uatkmfi7763nt885rk/tdr6c69v4odijapnq74bpmcsqg/1643036021250/kbODTGayMZyZsa1Q1BvBVZC_mlh3N4sO/04179419560406408847/5AIsG_vZ4DudI272eVSuHTFIwsscJgOyiMf99nBOHrmozJAQvMsHUMyviN9lUQGE79uJP4pN04z_Qsu6ppCzR5R-X5bQovrhydDR4G9i8haUis3mWDHE3e_RpR7UFi_c-aZawFz4sfnlQNQnSPxYt65XC0VFT9CSdjgCw9V2lQ5-OtGwW7BsO8TsOCuFamyB-oo0y1Cso?session=3&fife https://doc-14-b8-mymaps.googleusercontent.com/untrusted/hostedimage/rv9gv6a0uatkmfi7763nt885rk/04p5jspc61p54pptotu3pn2g2s/1643036021250/kbODTGayMZyZsa1Q1BvBVZC_mlh3N4sO/04179419560406408847/5AIsG_vZ2YX2Hg1Tkl2NjW86IFKtELbmQQs_2BoAPHCJZFfFkOUbthMLMsS8XSxVeg2yzgnzVww3wYajkBvOlH-bKk1JDn56TsbXSH_7ZcHK_mv17XBKORzxbcWgCFaGy3Sqg2snohFqWlrrGakia6tColHzJhHmNc8tcEITFnA8IAFVX6em1XxBuOs92oXjTu08wS5Ql?session=3&fife,,
6,"-22,97854279","-43,20062634","-22.97854279, -43.20062634",Ipanema,,,6,"1440,14",,,,,,,,,,,,,,"Av. Epitácio Pessoa, altura do Corte do Cantagalo",https://doc-00-b8-mymaps.googleusercontent.com/untrusted/hostedimage/rv9gv6a0uatkmfi7763nt885rk/tm1enm4l0kenpov4ddiamu9uvc/1643036021250/kbODTGayMZyZsa1Q1BvBVZC_mlh3N4sO/04179419560406408847/5AIsG_vYo9xFxlGqVraBRt7M74RJj79FsPU1ga73ZLX8cOG4so0c6uqwyU3fi1NUTDZoTeEdCdbpYlwLQwutAwE-jZT5xeiX7hZJXkUG7JGiCbZlG1_QJSiJ6gpAY4txHFsHyGyzau5BPKEiEFa0rhcliA0E16I28jgUsgUy8Q29jFdNCXl7TASYYQGOCtVfnV6FjNOGs?session=3&fife https://doc-0o-b8-mymaps.googleusercontent.com/untrusted/hostedimage/rv9gv6a0uatkmfi7763nt885rk/jg0jv0v085irac24g74dp4vmj0/1643036021250/kbODTGayMZyZsa1Q1BvBVZC_mlh3N4sO/04179419560406408847/5AIsG_vYbL-1AJ0O1L-qALAmnpYiJ7Dvw48fYgdnsLCRD98bBiHdm9p-jM9gs_HE3gAK6aKtxh5axSoTqs6Xw-aTSrpyX8k1RG4HD-tsvPxl2d2iSEWi3q0hmFkUNjB-sJXfykXzz5kle9FhcBo1EDahLU1yG-gEnAqNNp1XmcZJq-R8USzTOxzxsJe6MtHMIFX947N8?session=3&fife,,
7,"-22,98078466","-43,20901159","-22.98078466, -43.20901159",Ipanema,,,16,"1764,70",,,,,,,,,,,,,,Av. Epitácio Pessoa x Rua Garcia D'Ávila,https://doc-04-b8-mymaps.googleusercontent.com/untrusted/hostedimage/rv9gv6a0uatkmfi7763nt885rk/fpambnc0hcefdr6p1s28se9h38/1643036021250/kbODTGayMZyZsa1Q1BvBVZC_mlh3N4sO/04179419560406408847/5AIsG_vbhhkaAjBAbw0-nazbMZ5bVtRiVANRKk9QHf-VyOh1T0lVEyBcvC2Y2TVUhqO_WIBhAh8pTtZFGYVAPLfaXZ_a0aXeix4by1gYHG3vCkK7cJrvkQPcI2COyTmWEf_v8vz7Virh87u4yVyCKw2a_bC15NLeTNLeY-J_KgD3kav2x1CIvUivCbhC9X2pgqjtNAjE?session=3&fife https://doc-0g-b8-mymaps.googleusercontent.com/untrusted/hostedimage/rv9gv6a0uatkmfi7763nt885rk/tsmlr7a5ib52lrmeoom03aulp4/1643036021250/kbODTGayMZyZsa1Q1BvBVZC_mlh3N4sO/04179419560406408847/5AIsG_vbUpUZ2SrvDr8G5OyUeOat6ZdPA8w1r8U-4AFq_FLYqGUh21Q1hJZpZFW1sh4lgVuTHuM6R0ot45B5TcITJQcY5X6LzCjNEkRenNYJeuqPqznevPHFARdvjfYoULQjHxHhW6RQ0H9E4z36R8sZP2CKg6gtW_CBD4cv4Nrw7oGNIJfvCfMNTjQQOlglrB_se7nI?session=3&fife https://doc-14-b8-mymaps.googleusercontent.com/untrusted/hostedimage/rv9gv6a0uatkmfi7763nt885rk/okskmk1oqohr79qgmfei6ngld0/1643036021250/kbODTGayMZyZsa1Q1BvBVZC_mlh3N4sO/04179419560406408847/5AIsG_vYmWgsTPpoWkg_IpEKpnY-WxYmNzhIM96bem6urUrnM7MBEK-8m_NhWRJbOetk6KhuJGtjdD7-hK4mnB9FIm4Xo75TGapyRzj9o4sZ3Uoc_nSCOC5MiGdLUITBy5rm1A7u91_4gBlAeyJ4ItvI-I6038bidwXjfluL6qjTF7VsRrFF8itTYi81uVNz6PJ5yvBjn?session=3&fife https://doc-0o-b8-mymaps.googleusercontent.com/untrusted/hostedimage/rv9gv6a0uatkmfi7763nt885rk/iq4hd8il9n7r30nr3obt2m3i3k/1643036021250/kbODTGayMZyZsa1Q1BvBVZC_mlh3N4sO/04179419560406408847/5AIsG_vagBwPbLkYtOLh8pnHM-Q0Ih5Yp6NgUbqoy2P3ahEB5s8gEeud3hIAol1RZUbjULInC_nRjgaadpGOU1GXYsyh3mJ3MB4o3sbr-UPpaYY5ecqyuslYLxzcuaKnSTRdcx2hwCOe_tBqMrDPigSLqW454YFwOF6NrQSWV2fK7_F0Gq6jB6BDs17_8-jk6YMGuU4s?session=3&fife,,
8,"-22,97958610","-43,20253406","-22.97958610, -43.20253406",Ipanema,,,6,"1539,67",,,,,,,,,,,,,,Av. Epitácio Pessoa x Rua Vinícius de Morais,https://doc-00-b8-mymaps.googleusercontent.com/untrusted/hostedimage/rv9gv6a0uatkmfi7763nt885rk/kf492dc9mcjcu9uclc7juc07ps/1643036021250/kbODTGayMZyZsa1Q1BvBVZC_mlh3N4sO/04179419560406408847/5AIsG_vZMOnQu4x4B0M77R09irKr1M2MeefQNl0lr_Y6QZBS_5mE1Sd7naLRmqmOvgHjdd6PyU1-ALavoqTjP_w8kiVgAJ3EFP7oUD6LMLL20JYOZgC_WwP7QgI2iIB6U5lyFDfLMTg5FEZCK3-bQ56uRiNlyublyyuiDXpRWi4RpdT79HiaFVvJoxFzG2SaOSO7-FIU?session=3&fife https://doc-0c-b8-mymaps.googleusercontent.com/untrusted/hostedimage/rv9gv6a0uatkmfi7763nt885rk/tn2ifrv8jibstln53jbq25hhn4/1643036021250/kbODTGayMZyZsa1Q1BvBVZC_mlh3N4sO/04179419560406408847/5AIsG_vaXPYBvXLPwReHrA_OPAJuIAnmUeFZJNjMSOEHZeb_MMQEUL1FT8Hx0Fwb2qtzdkrgb-c1cRu3tF_nwW8cgt_Vhms6-PwVdede4oBklp3fTpuUIWl3uDt7neNcditTBkcCd0gULyjM0tQCLjy2rPT-N-Gno99phLPZfRCk5YD3yO2_zv5wyrNRkKIX6-tVjNBqG?session=3&fife,,
9,"-22,96639784","-43,21678396","-22.96639784, -43.21678396",Lagoa,,,16,"1016,63",,,,,,,,,,,,,,Av. Borges de Medeiros x Rua Saturino Brito,https://doc-0k-b8-mymaps.googleusercontent.com/untrusted/hostedimage/rv9gv6a0uatkmfi7763nt885rk/2omtdv93e5c7el0oq8dnmiq3q4/1643036021250/kbODTGayMZyZsa1Q1BvBVZC_mlh3N4sO/04179419560406408847/5AIsG_vZ1rJHdyYf8WSm0O6e0W-1J-6OIDMGdbztQwSSaf0437tqyT3F5rG7iikQC7W_kVVIMZGK8U5pdyqOG4wTVI1ZRLr41rZAwpiTDoVsUcM6h1fwjjuC7eDIDbHi023z6nEf9ZhPJkC18JNlJkJtYs7iNvC_6Biz5-b-2s3qdG3Wm3oLiFaEFEQRWYdEhShfHwB43?session=3&fife https://doc-10-b8-mymaps.googleusercontent.com/untrusted/hostedimage/rv9gv6a0uatkmfi7763nt885rk/k95pbqc4tesmqm8a1i9m9ei48k/1643036021250/kbODTGayMZyZsa1Q1BvBVZC_mlh3N4sO/04179419560406408847/5AIsG_vZQXkUDoGaGiQoD4ggfzRiY1FuvBgm-qjxm6rJ2ACxij6ze2TGH6rtcv1dtQd5iQw7gSz7I1FvdwtSzUxocie7nJ5Tt733ovROCAA74K-aUkyx7hFelr6BXvtLZ1zRTYM20ZaOkBmhph_454thJ_wDMi9JJhCv8FCRjcxd_F0XFteBfubg6kJaxAA3b-0wDj1Lw?session=3&fife https://doc-0o-b8-mymaps.googleusercontent.com/untrusted/hostedimage/rv9gv6a0uatkmfi7763nt885rk/ricgojmnf90vch29i5bgrqpges/1643036021250/kbODTGayMZyZsa1Q1BvBVZC_mlh3N4sO/04179419560406408847/5AIsG_vZFgD8AiVRTAXKbPUW3nXH3up6zKujay-jXtu8ORly4V0NQu58yRtGPCYmtYJhyvdJqw4gJeaUCJGrUl-66L4fCfApxx2OC3cltlHBX04ZFULWptF6qwM99Rmc9nmbqkE0H7bI9yT3-TW1xFUuxzlgzmG_guDOzNmwR6CLIlAcgxd399ALt0sQb83i1XpXLW5E?session=3&fife,,
10,"-22,96418629","-43,20368305","-22.96418629, -43.20368305",Lagoa,,,16,"2279,52",,,,,,,,,,,,,,Av. Epitácio Pessoa x Rua Carvalho de Azevedo ,,,
11,"-22,97116779","-43,21739819","-22.97116779, -43.21739819",Lagoa,,,16,"688,58",,,,,,,,,,,,,,"Av. Borges de Medeiros, altura do Parque dos Patins",https://doc-0g-b8-mymaps.googleusercontent.com/untrusted/hostedimage/rv9gv6a0uatkmfi7763nt885rk/mq4ke6omgroju1ssq5samgkg4c/1643036021250/kbODTGayMZyZsa1Q1BvBVZC_mlh3N4sO/04179419560406408847/5AIsG_vamj6hZPm-rCeTa5dt_wQYUIM2BNvDkEWuZF2DE-4XYU4qnOcXwuubDhqBoI_6c4jvlYFEDJlPMUwQVm3TODwrJ-o6VZKq4dUm3ywZnwQCQtOr-9fPnsI4JXqTvhjkFLVe0voG9doZpEeMNkeuIQ5DxM59zHtX0PxR-Xrrgc78iWaX8O2qAKFYyy0E7KKJAjZ0?session=3&fife https://doc-0c-b8-mymaps.googleusercontent.com/untrusted/hostedimage/rv9gv6a0uatkmfi7763nt885rk/5f2627afuvii1e36mfviokaa30/1643036021250/kbODTGayMZyZsa1Q1BvBVZC_mlh3N4sO/04179419560406408847/5AIsG_vY8S1yMGMpw6nNCfv5z0WqTvgbImIWjOBR_gHkpgwCbaCF2jn8xZESMPhArk_Caemk1zJBVQt75tv822corgRrqHHdW53u3vbEfKyrxb4ruaE8x3fSsv63FRY8YbLsy0loTKkyl2GnhLdDl46LAqgcIMCEa3fsdkYFBd3cYuDekqu8jSA2tDP4l6DbcClX5tNYv?session=3&fife https://doc-14-b8-mymaps.googleusercontent.com/untrusted/hostedimage/rv9gv6a0uatkmfi7763nt885rk/bg2qqqo0bj2unkpol7ucrbhqu8/1643036021250/kbODTGayMZyZsa1Q1BvBVZC_mlh3N4sO/04179419560406408847/5AIsG_va1UZWYJ5fZszc-adcwSUzAlCK0i4ZJFIcGvovcJPcAA50Tb18qVkqFZx-xCcNnO-t_QkZl960QmudlRk7-BhPdM1lVDDv12RKN6zXab_uCPbMO3nzeCygXaNeb1LTGwIIiVnn1701MuuR40Y8kkoL1tzFhx14AgaV7xao83VpNnSOLxeMq1Vk4REE293K5xzex?session=3&fife https://doc-0g-b8-mymaps.googleusercontent.com/untrusted/hostedimage/rv9gv6a0uatkmfi7763nt885rk/rajp0nd76gtms8ucshhbo8vdi0/1643036021250/kbODTGayMZyZsa1Q1BvBVZC_mlh3N4sO/04179419560406408847/5AIsG_vZ9F2r7We2sYtzvpPWWdyQP2-h5Qhl0U5T2nsV8EmvaLnYOgFoLEviQ3DS-FSz6Fulbm5Cff3_3Sa4UPe_v-m949UhX7IRC0I87lSUanykmvP2H6676JDXpO_NEVbI7-mhGx2RAgetG59jVnAVljLtM7yCkJvX4su9j8Knm4-zZnvU4mcZUVuKijR9lWtCPKIo?session=3&fife https://doc-14-b8-mymaps.googleusercontent.com/untrusted/hostedimage/rv9gv6a0uatkmfi7763nt885rk/d9ik7njbb7lhn8imoq02k7bh0g/1643036021250/kbODTGayMZyZsa1Q1BvBVZC_mlh3N4sO/04179419560406408847/5AIsG_vYR0bo2STFAuwdPTtQaI9FHQsBg1yOaPNvZz0SVMOfXOoV4Op_d9jFl6XjqHSFdB3J6kyYJ2wPkBSXhPq33_3zEM8VNXoIdLPAyilf8G73OD45LFLM57tB1WjH8_27_fmnyuvBozfI1aSLscQdlHK1gf7HEEXeq8mKIIjwrh7SdqtsvQkO0ZYZGrwt2r8hilNp8?session=3&fife https://doc-14-b8-mymaps.googleusercontent.com/untrusted/hostedimage/rv9gv6a0uatkmfi7763nt885rk/ah1duhf8sm5n435fhqlab1d8es/1643036021250/kbODTGayMZyZsa1Q1BvBVZC_mlh3N4sO/04179419560406408847/5AIsG_vYUommlyUt_h59YjvFaQ-jJF9E7OXvq0OsQrAi_CvQtncfPIYrzSAMpBgSR-tm8Hbf5uwbR06lBMWmV2rMr0U8Ke1uXcT5V665NEzPpLLGeC9GIbFN_VhOet_H8OEy5b8xCF4jSQ7VikfCla1X-LAPIURGMG3WjnBu0Py7P3J_Us_dALqC6K2fCVx1KLxg4vRs?session=3&fife https://doc-0o-b8-mymaps.googleusercontent.com/untrusted/hostedimage/rv9gv6a0uatkmfi7763nt885rk/k81pkjci1ut42vpptgl93tsfpk/1643036021250/kbODTGayMZyZsa1Q1BvBVZC_mlh3N4sO/04179419560406408847/5AIsG_vZTy6Ohp5-hwt3XYFLzeLdjMhsfjOEloSWi1JWMNePMWMuFSzscJlmjy58a_gFL7GliDZuKvjCb_Y4X81lVJvg7103syzXO2lvzNNXXWrbzvus8ETV5BZK6-JHSTjqooX-NmcXf_6fNa_72Tm7UT1cHCDfYT63PyK2aWEG3HCkIYlymBV7EWqhtSTRGmacL0YA?session=3&fife https://doc-0s-b8-mymaps.googleusercontent.com/untrusted/hostedimage/rv9gv6a0uatkmfi7763nt885rk/f4ptc6tbovkq1s75cq1pg8puuc/1643036021250/kbODTGayMZyZsa1Q1BvBVZC_mlh3N4sO/04179419560406408847/5AIsG_vZRt7WQJ5i7ncXUvzcHrRXJ0nHkeWsu1U1AmzS2gbqNmGmgeIyBD9I-ohyJBn9JCKWno1_u2iOHlmDu4o6LtPDEalCdNQcSZvGgnBE9afUh1bnN71YILQW6KDQr17TmLZUzawlxJTgpHq7luJ8V5sVq1u6-TY8bmCnYZ1UHsXnZKmdHNccnxIlOxHqcYqxx6_mp?session=3&fife,,
12,"-22,96713748","-43,18622086","-22.96713748, -43.18622086",Copacabana,,,6,"2166,68",,,,,,,,,,,,,,Rua Tonelero x Rua Siqueira Campos,https://doc-0s-b8-mymaps.googleusercontent.com/untrusted/hostedimage/rv9gv6a0uatkmfi7763nt885rk/7irpj8e9i48lbu8kduv1fud2mc/1643036021250/kbODTGayMZyZsa1Q1BvBVZC_mlh3N4sO/04179419560406408847/5AIsG_vbZjXAm-brp-a7idYYz5Q0-yq0Wed8LWRZXI4cMhOwvneEqY84X7Hb5xnaDUZ9wayiSFMq4xrDUuD4nnEDBQtJdwi5z_OcEcyPnQ6rJJBW33-f_LDUOCdFIazKD1NUhNaMu3TZX9Lytih_WTqReBi1zQsN0UremTBkTasx2FtQOQVbghXXgVfYSEaz6Q6WT7ME?session=3&fife https://doc-08-b8-mymaps.googleusercontent.com/untrusted/hostedimage/rv9gv6a0uatkmfi7763nt885rk/n4ho39h3pclslvs9k1i6vifdhg/1643036021250/kbODTGayMZyZsa1Q1BvBVZC_mlh3N4sO/04179419560406408847/5AIsG_va8pvB-_Bbz7soYGlwYnYfNXssIrW7k5SE6CPDdV99snTP4WTGUrL38BxoZ8eGoyCtbJZ0IBoaPgKnE81qtZJoNrjaNDjmYJHVxhC-ble-enKOphUocGSIXbDqmgzuKO_2k9LoIW36X-syZtG2C4DdEMsWhakAp5x0HWyrvTf8ipc2LXt7Y2sCZgx7026_rQote?session=3&fife https://doc-14-b8-mymaps.googleusercontent.com/untrusted/hostedimage/rv9gv6a0uatkmfi7763nt885rk/sr2rlvigcenjruhugpcjec54v8/1643036021250/kbODTGayMZyZsa1Q1BvBVZC_mlh3N4sO/04179419560406408847/5AIsG_vZgTIO9ImXdgxMlgv8FYjv8g4Uy8UT6ff8vKbh3NSOXHtw4MuAkx5C72nT5KnImT4nVP32ABtpufbUTN6J3yDYvCoMG2Kh2s2dVhsQwcCMIi9Bge8KrahKOLurLWQXpdCONLvvn8fbcV67oFIOi98-pw7laHppbbqYKD4sxbUK3EyUb47otpUFfJjy804VsIkzk?session=3&fife https://doc-0g-b8-mymaps.googleusercontent.com/untrusted/hostedimage/rv9gv6a0uatkmfi7763nt885rk/cvd0ilhejmkeomkk0oaksnm10s/1643036021250/kbODTGayMZyZsa1Q1BvBVZC_mlh3N4sO/04179419560406408847/5AIsG_vZY1zCD02hr47iIFmCkFh5efB5hXcFfnp7w5wIA2YelC8NyB9fHwMzA2bb0ZYrStKRpWK6xmFnaI0l3lrg6y6likFKGKlwuFDzZuv2kvBAsask2Bch9emhHj4Dtj6JYX_2OGngzLiS2XweXv0YiTIkvqBQ_FvmIR3sB91JHdkNycEUrJRwFlelMdsobkb5Pn4g?session=3&fife,,
13,"-22,96659201","-43,21950976","-22.96659201, -43.21950976",Jardim Botânico,,,16,"821,56",,,,,,,,,,,,,,Rua Jardim Botânico x Rua Pacheco Leão,,,
14,"-22,90654217","-43,37965574","-22.90654217, -43.37965574",Jardim Sulacap,,,14,"1667,59",,,,,,,,,,,,,,Estr. do Catonho x Estr. Cafundá,https://doc-14-b8-mymaps.googleusercontent.com/untrusted/hostedimage/rv9gv6a0uatkmfi7763nt885rk/mmcjf3f6qvri18kc7hl2rm4e7c/1643036021250/kbODTGayMZyZsa1Q1BvBVZC_mlh3N4sO/04179419560406408847/5AIsG_vZv-acwN-RH_MANXonfn3RE2a8ZgZaKitqB3cGVYHS6ttEV0eJkU1yEWso_h_Iq2DXBlZ7Ssxvf5JvM3JS2TtkUfMhujLAJ81e4ecQ6IB2WJQ_lksXtV5P-WL_dOzREClJraorh1xdgFxRxLZTRshWmFIiCvw8928NXrQGRn_dQdJCWRXWybxfcTS5hIhGfSZsu?session=3&fife https://doc-10-b8-mymaps.googleusercontent.com/untrusted/hostedimage/rv9gv6a0uatkmfi7763nt885rk/kufci1p6fd744q1s2763epl6c4/1643036021250/kbODTGayMZyZsa1Q1BvBVZC_mlh3N4sO/04179419560406408847/5AIsG_vYaieGhCKiPrrtBIANeaj09lQOf23qxAF3m2efA1ohNV2C5AosQh2pibH32GB7E-lV-_wd_JARMGgaU7QYoYHxQS5ISCLi3hTx5rYQdYEGp9ie6QXhZXh6eh_2HM0OH_1SyInFwYiawiNsgQgRyOcnCfsOWw97sGL5z24INFyvkAiMKUr_7oscbxGxeJ7PHbLZJ?session=3&fife https://doc-10-b8-mymaps.googleusercontent.com/untrusted/hostedimage/rv9gv6a0uatkmfi7763nt885rk/h3glm1lbnsfltemvm8g6hqfc9k/1643036021250/kbODTGayMZyZsa1Q1BvBVZC_mlh3N4sO/04179419560406408847/5AIsG_vYofg6ADx1LNKzdErSnjae9PlAyhy_lale_QryW3wtd8xzyGOSu9uENVZ36D9vr6GGJuxH77ZK1P8jK6-cI7mDOXRFzuWY0DP6taZifeZu5oxA4vtxNLG0U4acrzN5YBWN0AJ8uK9VT7miIGZehiIT3fMSfccjwRcSAXulD5lTn5CZmlZWCri0N89tWGV9atQMN?session=3&fife https://doc-14-b8-mymaps.googleusercontent.com/untrusted/hostedimage/rv9gv6a0uatkmfi7763nt885rk/m436pn71bg5nbrphgcf4l3jf6s/1643036021250/kbODTGayMZyZsa1Q1BvBVZC_mlh3N4sO/04179419560406408847/5AIsG_vYgj1WnjSZXjHPAFXn-mRxS1aRB1AsPmzU_qxdWKLJYw1L-JvHmuM8Pz8dO9VTkUldljd5XZEFSvxybqbYTfEls29W0SPLCycaaKv3wFXR7uki32Kw76jc4UzrZb4clwa0aTuaNk-9vE_fcylUkKgXGlKHlzjX4szeXnI_47lX2Tto2na9ozNXp3ASx729q2kHq?session=3&fife https://doc-0o-b8-mymaps.googleusercontent.com/untrusted/hostedimage/rv9gv6a0uatkmfi7763nt885rk/mvcuse3clhdueji6ovlslts238/1643036021250/kbODTGayMZyZsa1Q1BvBVZC_mlh3N4sO/04179419560406408847/5AIsG_vacyD6V55Fmr0QdjCNOhM1App_powRUSC8TO-yYPjO_93OSabOYYdPj7RwA4EQJMpRBUZbnrsBKjjIVD4kKXRSApyFTfM7nUGUxtmNZEOdZErcEjFPTmJ_29133xZetS0usAIgnfg_V5emkN5ykLL0zw6EkhT5QUBROaFthttaAFvBN4SQr5b2flJeFLFqE2Gq8?session=3&fife https://doc-00-b8-mymaps.googleusercontent.com/untrusted/hostedimage/rv9gv6a0uatkmfi7763nt885rk/hdq83net9335icb8rjdm3iiif8/1643036021250/kbODTGayMZyZsa1Q1BvBVZC_mlh3N4sO/04179419560406408847/5AIsG_vZuC75Wf4SQJ4k0xt_pBwBXPZbBLByrQLTwiK7-AYDnRUeD1arO9ai1AtGsW4UxKyxNsCITx7mARD9s5i1w5XFOrLn-d-82xNUjBuck0m40gzBHC0hJ40Xb9IrDjWwrDjPsI14snxuBd18BmiM4f3re3gl_eD4f99P8Lfwq2VEMf_6-Y4GnskeEBEAWAkHpEkXw?session=3&fife https://doc-00-b8-mymaps.googleusercontent.com/untrusted/hostedimage/rv9gv6a0uatkmfi7763nt885rk/mrmnp440v0t801cc433o6keub8/1643036021250/kbODTGayMZyZsa1Q1BvBVZC_mlh3N4sO/04179419560406408847/5AIsG_vb0iIdDdvD5aaRwEVLMGB6qDgnzZLDjgi4gPFsr2fHJCoN4BbuxTdzYq-9OMG4BlcBMhxu37jFdTOUdSw77GUb-9jiTuXIvJiQsxvTg1ZSHSqLT4WARpfhNLEZUZdI3yKTKMZtv9e16JWaoeTda6zL3fWdBmcmbSS7RcNvpspnKlvmwo5I8RFbDQ8N1y5D6vPg?session=3&fife https://doc-14-b8-mymaps.googleusercontent.com/untrusted/hostedimage/rv9gv6a0uatkmfi7763nt885rk/qo8qbre1jg4d59555ajvg4c0gc/1643036021250/kbODTGayMZyZsa1Q1BvBVZC_mlh3N4sO/04179419560406408847/5AIsG_vaGbxO9w2W8GZvpeJnJanW7qF4cQGZRs0aBySFBaNul6gru0iH48-u-dL7k3XgcC_JbandB6_ND2pmroIrZwGFZpxjL55aF3FysJx0fNfzehCsbKVLIxAhSoIIYiDaAbPh0SK8cLxN8Az-l0MUXfYZOIxV8uMS4FTEogX8wTxpiR5lIuo_0cDXWLACIELd38QQg?session=3&fife https://doc-08-b8-mymaps.googleusercontent.com/untrusted/hostedimage/rv9gv6a0uatkmfi7763nt885rk/n49f37qg0p1ki33onfbfbhi6nk/1643036021250/kbODTGayMZyZsa1Q1BvBVZC_mlh3N4sO/04179419560406408847/5AIsG_vbaPDXVvAvChypyBUxu24Krg2sjril9_2UDIBO_FvyO4nmDSAnLA10GXzpMEeka1qYjZAGMR-QHqSWzgMvutDX3mr6Hx4WTPGeNsnA_XvcMmPlBwthaz22HrDrQg_2TmKsygQsxG9bmfJEick5O8N3iODMW1rIW12Htm7CK6Ji4osvAbRjwNAzEXv1F6LHaUHg?session=3&fife https://doc-04-b8-mymaps.googleusercontent.com/untrusted/hostedimage/rv9gv6a0uatkmfi7763nt885rk/8su6bo45lj6f14dpi2hubtvm5s/1643036021250/kbODTGayMZyZsa1Q1BvBVZC_mlh3N4sO/04179419560406408847/5AIsG_vaUXOL4nwvnLj8Xl-cOA7XbHLk74Oh9BO1gTMBzDyRQGBiu-5iYhVejfhfgkrxyMeMb2dP-bms_-1ISj8M_9AKeTVhJPaNv_cNdcoynTgucpnakU1lb3YVii3XGLLsDSo8gPggvGV3HFiVkqRJNI23szmfVWlyYw3cGAheejyHEMdPwyDA_85aL1mIjLTPsxoM?session=3&fife,,
15,"-22,96476300","-43,35728020","-22.96476300, -43.35728020",Jacarepaguá,,,18,"2208,98",,,,,,,,,,,,,,"Av. Ayrton Senna, altura do Senac - Pista sentido Barra",https://doc-04-b8-mymaps.googleusercontent.com/untrusted/hostedimage/rv9gv6a0uatkmfi7763nt885rk/bccl25sjqk5ifd82qamu2fuuoc/1643036021250/kbODTGayMZyZsa1Q1BvBVZC_mlh3N4sO/04179419560406408847/5AIsG_va9ucx26vk5DLXDMZGEWF5-miW-I--MKKsQ44WGILhAfR100x_sdNh9ebj54vZ0xZA0JUFl2TL-JAcGEt9LQqyg1_N7Ccar1UrGTT_k3zfGLGDn6YcSjjm3jT6LYfHNA6CQIfJWxs6Z3d9A1tagXoumwC3ilHGsTw1cPBGgW6avga0hiCTI9Lyjk37Oqdvaw9il?session=3&fife https://doc-0c-b8-mymaps.googleusercontent.com/untrusted/hostedimage/rv9gv6a0uatkmfi7763nt885rk/8tpcp3js4ulrq97s337vgtagt8/1643036021250/kbODTGayMZyZsa1Q1BvBVZC_mlh3N4sO/04179419560406408847/5AIsG_vZRJfvFGJy70L48G-w7VcL177-1h299wwc9J3_ye6GJjbWU1gGqA4nGtazCwHjEZTZk-rNaXg3xOD1_tJ6UKcFxX8gQOyA2H0J8QRGj96pVlDozBZLgqdSvXFw3_pRWOQhLa7OGpEel38HTkQjfsGnlo2FlTS_PfifoPHcIqJOmOx-Tg0mhJbop17T_AK9qQ38?session=3&fife https://doc-04-b8-mymaps.googleusercontent.com/untrusted/hostedimage/rv9gv6a0uatkmfi7763nt885rk/h49tt3s5ppo26a7tqbe2f2bmb8/1643036021250/kbODTGayMZyZsa1Q1BvBVZC_mlh3N4sO/04179419560406408847/5AIsG_vae7PR9EY4FWWOV46bgHcF_mBojdwn1Vx6Y6_TR_Gm0aqaIKU3bOcBemcPM73k-so35E7DeuZZ6LPGZCTQpFVOgn1C_KrvB1dEYCWr_8GTJ74KxtCpIA8zww4du48zrC78o22elP1q4IrXhQ_D7JSVfNpzpN6mGGDeRpZQwJCa848NsyuRXGtsiitrc9G6EZtc?session=3&fife https://doc-0o-b8-mymaps.googleusercontent.com/untrusted/hostedimage/rv9gv6a0uatkmfi7763nt885rk/ppgj5fr5ag6mk7e9sn2sf17cg0/1643036021250/kbODTGayMZyZsa1Q1BvBVZC_mlh3N4sO/04179419560406408847/5AIsG_vbuOVkkfiDg9IG0zyseEaFkD8NeUdVEgh24KM02i-wYVolmMIG6eNYTG_3ljWgwvbhtXN0G0fAeWvvylGaWG0ZGD_My1FmR0irr8xHbH-ABR_Ceet3SCcrxIDgp_k0uZ7urJ20aaFM7XkvAzLmhZyD0ZlomD-KNOiG1TicrYB8IVra-sthIWL2ZIP_vuRnEeT4?session=3&fife,,
16,"-22,82103670","-43,17802437","-22.82103670, -43.17802437",Cacuia,,,8,"3323,51",,,,,,,,,,,,,,"Estrada Rio Jequiá, altura 17 BPM",https://doc-10-b8-mymaps.googleusercontent.com/untrusted/hostedimage/rv9gv6a0uatkmfi7763nt885rk/ifljn2106h6bcd2elhi8a5i6u0/1643036021250/kbODTGayMZyZsa1Q1BvBVZC_mlh3N4sO/04179419560406408847/5AIsG_vYHW5sG0_EP4iDaOOItNdGfwBxbFTp4ietPoFZnBkyjCQTJdRDXYcGotdIeOWnM23KUGgWAY4dW7qR3uajOgMVYsRBDTqQuG6VNR38_n9wsnOQToUWhsoew07HrBj-mfDl5LTBBW3ujZB1XkTJ3yDGak09cPJULX8Vl4HrYm7DafUt9CiNQlkUfqEGOgxtYLX8?session=3&fife https://doc-0c-b8-mymaps.googleusercontent.com/untrusted/hostedimage/rv9gv6a0uatkmfi7763nt885rk/v5jfjo0k9qrilv6arofjb21p3g/1643036021250/kbODTGayMZyZsa1Q1BvBVZC_mlh3N4sO/04179419560406408847/5AIsG_vavo0TOJiThT8p74IfjhlZHkpz_YCb1pKYPng20xyPfUjnakTiruXDNCDQCv4Ooo5Z9EOcAtcvfN6DhC1L6XvWrFkgRuiY8GO81hNmEtVb8IJXu2x3nbLqypaS4LnolDHerJbt6BCg1-s3TXmDhMVQcXo3Oeowv8Mk9pR6JFx4S9AyQgX2oCNtbS_XQ0gCL2N0?session=3&fife https://doc-0k-b8-mymaps.googleusercontent.com/untrusted/hostedimage/rv9gv6a0uatkmfi7763nt885rk/upt8h25ftnjgbl3b0orguqsmpg/1643036021250/kbODTGayMZyZsa1Q1BvBVZC_mlh3N4sO/04179419560406408847/5AIsG_vYCD-Y9cHI0aBCkCeQcKsoWz8593Pgs3ED9tTmrsoanBYG8hyRY-eZcDDN6sGmCKUZmCGv-5bCh9dO1BVpPUKsqUhhIu00slMmKT2UDmuGrI9TEAg5Dwuw9V-mp8vjEB8DuBQTWrcxDIYMlnP9T9LWmqiLVN01yzT8390ycWjYxzuvE7Nj47EDbCS6bCTZYOMc?session=3&fife https://doc-0k-b8-mymaps.googleusercontent.com/untrusted/hostedimage/rv9gv6a0uatkmfi7763nt885rk/s514boemh0ecndmklnk9ugfj6c/1643036021250/kbODTGayMZyZsa1Q1BvBVZC_mlh3N4sO/04179419560406408847/5AIsG_vYIwczfRcBBk5ECTCKQbsbhgi31rSi9FOwVoRNJtDXLm1TLXQcJ_KSp-UYtT0rT1Kb2n-d_QGc409JIhaZWPOs4jhJKei40LFLdI2XjX_gFtrPg2RMiYvTVyOJ0OVQhbDx1MnnR1XRaeRAk21UiWvuvp6u0IVfURLvm0QBM43lTNTKCbK5BmEJu-cYfwsXQFho?session=3&fife https://doc-0k-b8-mymaps.googleusercontent.com/untrusted/hostedimage/rv9gv6a0uatkmfi7763nt885rk/bp6qcipkgv1d1tqhoqbkoikhnk/1643036021250/kbODTGayMZyZsa1Q1BvBVZC_mlh3N4sO/04179419560406408847/5AIsG_vbQX3UZFAq1QcLxNxAm39lW9TPCoVPGFd1UmIsafL5n3JgInZzIMRD5p8MrnNN1kp97dUIowbkAQjN41urGFmjMNiNcaWW2IsgLrteeuRJfY6sjwbA477CRUV_YB8Hromrpjfpncp0xjlpmVkvDCu3B7yA5vdcxBZdpVOw26J6TPqVKSbgUYM_6-_LbsjALerbP?session=3&fife https://doc-0s-b8-mymaps.googleusercontent.com/untrusted/hostedimage/rv9gv6a0uatkmfi7763nt885rk/joa7fqu5nireo58vgov3h2fgic/1643036021250/kbODTGayMZyZsa1Q1BvBVZC_mlh3N4sO/04179419560406408847/5AIsG_vYAeq1BDTLcMi2ZOaZ4vTKnaYvpLDLRdAU10aXHfryQsYK-llbMBcwagxocvkpBb-Oa2ATFpQWWZffK82OS85hDuRcTCaNVj4MFiPSArKI-HCsRlWrmHZCmlN9ZpHWIzQE1bkQIv4RjwPGysDz04PxVegmI4hdIE8LeOMvOjfdqYVb4a7CEGEBw88yIHMrJXjQ7?session=3&fife https://doc-0s-b8-mymaps.googleusercontent.com/untrusted/hostedimage/rv9gv6a0uatkmfi7763nt885rk/ehv1tujc8cpoumvi7t7og301fg/1643036021250/kbODTGayMZyZsa1Q1BvBVZC_mlh3N4sO/04179419560406408847/5AIsG_vaOaAj8WszulQPD8LEV0B__WsywNMYd4rFpOI71aH4iQaIjV7AznPujyeOsDJyw8z-TM_RK_kJJBvtf3rXId8liQ-jfG0NyVrRwcKXrO1CB3qh00lRhEMFuu-uRQjEW4LEOU5fQ3VasRN1nixuFKCNuIHla0eSDP7DLAlK9lsCPlEaVBfvkWBWHR_AK3HZCtlA?session=3&fife https://doc-0s-b8-mymaps.googleusercontent.com/untrusted/hostedimage/rv9gv6a0uatkmfi7763nt885rk/fon9qn5nfi4hk7qpft6p2b66o0/1643036021250/kbODTGayMZyZsa1Q1BvBVZC_mlh3N4sO/04179419560406408847/5AIsG_vb4y7I6KP14lkkKrTOIUVXUvvvkXIqfVXkteh_idW7v7EbqvQUWOz2JaPs0zSsiEnWZRPQqphA7s2iikB4hA1uZBw5OnDDoAvBp_agP48ixB2LGT_R6P6mtogazfB3OCyG8WinuElc7Wd8Cj4cF7tr6cLJp_sRJvhRQ0E8RpvMysQQq0ApWhVo2xJIHVqMZ93E?session=3&fife https://doc-0o-b8-mymaps.googleusercontent.com/untrusted/hostedimage/rv9gv6a0uatkmfi7763nt885rk/4upb0qgfqm4654h6k5p3jolp7s/1643036021250/kbODTGayMZyZsa1Q1BvBVZC_mlh3N4sO/04179419560406408847/5AIsG_vZtae_LG3uIeKFVGOhM8IEemCUvhoqZ5W0AAEdyv_Tncdi3BpgQdkeCYyfDkXijGeCVc73w77RG_Z6BQWYa5t6PHLoqvjNMQnrgkBBpM6IS8OvGjI-cgnuBdU2ml5tZ_k5u7Z95F5VYZe98PkEgPDyWrDFE4ocabTIr9MkzPYlXJEsYENlizx0vOEcaW55R6GA?session=3&fife,,
17,"-22,94287933","-43,18137646","-22.94287933, -43.18137646",Botafogo,,,31,"678,23",,,,,,,,,,,,,,"Praia de Botafogo, altura do Edifício Argentina",https://doc-10-b8-mymaps.googleusercontent.com/untrusted/hostedimage/rv9gv6a0uatkmfi7763nt885rk/e9gm5djd866d7sjbil0ms7n4ec/1643036021250/kbODTGayMZyZsa1Q1BvBVZC_mlh3N4sO/04179419560406408847/5AIsG_vb7pdEWaG-quwpWX7G3u6Y39RYBtzTXUBbkcqZ-dVecJSAjpZntYAexXhHdI8KfrDaX4Rr2poUGMkxKlUQJUvTjyXqz510BPvZfZ4ns8dsLdAXYkfQ-csN4V6G2ReiTU3XXy4RtYTSU8ARghpdcyxXLkeK5VZeWXfNxpXK469Vbq9VGg0FBQqQUiIU10Tt4yp4?session=3&fife https://doc-14-b8-mymaps.googleusercontent.com/untrusted/hostedimage/rv9gv6a0uatkmfi7763nt885rk/kutu28c6aom1tkna9j27da8nq4/1643036021250/kbODTGayMZyZsa1Q1BvBVZC_mlh3N4sO/04179419560406408847/5AIsG_vYHv74cHEJlFyvmMx5AYxMjxj4tiAHtRO-RxHK0Bb2GtW3Wm0-jrJaN39RniRp2eu4Wbf90tw3haTI5P34ekhLj5hjpoIArdl-4H5E1TlT-oiwMVGfiaFSXzcYJYTZvVAP4upxIdtmQTvVRFlgsenhK7AXP5pPRpMLT1ROKkOociVdPLBSylIZ02r8fPqug9DY?session=3&fife https://doc-0k-b8-mymaps.googleusercontent.com/untrusted/hostedimage/rv9gv6a0uatkmfi7763nt885rk/7b7t60dg63fneeha23dutmdvk8/1643036021250/kbODTGayMZyZsa1Q1BvBVZC_mlh3N4sO/04179419560406408847/5AIsG_vazdnhQZ__TGRSYqmRIxMwrNU-BMv4YeJN3xaf3OwHI4g_zoxcXAxqxUDPvezUz9h5CBzIU1E5rrQwev1anTN9NQmySaiVqJ7zXRyOkJY2kUd3enXdy8viT8hFZWAfI8ymRVOuRm4k58XWX4k-bntiNFNdGYH3ULRy2rp8tPM3XkSsLqiUQ9j9f6615LeXLTaY?session=3&fife https://doc-04-b8-mymaps.googleusercontent.com/untrusted/hostedimage/rv9gv6a0uatkmfi7763nt885rk/vsn4nlhpfhdqm9de5qh298hnqo/1643036021250/kbODTGayMZyZsa1Q1BvBVZC_mlh3N4sO/04179419560406408847/5AIsG_vbUZfPd_sgbOhQTT8pZ0sRN47PtcJtlPEGx3Ipnn9jR2-eHeZfTjZPmVs3gRL7sNQq_H74q26IRUmE44xpf2kj3L2guWT0_NQlBp62RhWNDgdOuAPfs0LggsZftpjyhNQGYun9r95LprGcZQ0qfpt37Kbr2OjIqqIGOCI4b4AytGhrtW4wee9X0MfZiyoRaxH-f?session=3&fife https://doc-0g-b8-mymaps.googleusercontent.com/untrusted/hostedimage/rv9gv6a0uatkmfi7763nt885rk/raa6u6aamlf5ev9f9piiq5nv4k/1643036021250/kbODTGayMZyZsa1Q1BvBVZC_mlh3N4sO/04179419560406408847/5AIsG_vZP2PLzV3CBXtnim1FPSqsghr2uN5wFytPjpPV8Si-_z4VcRubPZTek4QSsTngDU-9MHzGa2fTMtCMwCLsll7zSuj9PY-xW8eQLeCt4TD_JEA39RUkoobXzVGlzL7xmJQDtkb57O0oEshVaU4oHE4eHzDLEwhCPWzl9_u620Kvwjissu9-mzTejEOFVj2x21xks?session=3&fife https://doc-08-b8-mymaps.googleusercontent.com/untrusted/hostedimage/rv9gv6a0uatkmfi7763nt885rk/v132kb011hqbll374hr92o9940/1643036021250/kbODTGayMZyZsa1Q1BvBVZC_mlh3N4sO/04179419560406408847/5AIsG_va5ISrQDt5-d4b8OBPItCogFszwg8Fg9A9gK1XYafIsBPNLfgXMJc1nOBFWwqx66gaiJdjtH7K52gGbA69C-nkTrT5StoZoRm63rikJRKS7-KO1q1gg29N0cN07lDnyhxlDdaBGNH49psnl90IhGuYgcgv2XPkq6vTjU7UR5j6x6UCdUCHkrmA1vd-7X-32jA?session=3&fife,,
18,"-22,95845920","-43,19121710","-22.95845920, -43.19121710",Botafogo,,,31,"2027,00",,,,,,,,,,,,,,Rua Real Grandeza x Rua Gen. Polidoro ,https://doc-00-b8-mymaps.googleusercontent.com/untrusted/hostedimage/rv9gv6a0uatkmfi7763nt885rk/94pi055sf4edarv65bsglo5cuc/1643036021250/kbODTGayMZyZsa1Q1BvBVZC_mlh3N4sO/04179419560406408847/5AIsG_vY-BbRPGwTLHIDqUxHbXiDxzP-DwdBvpl2SWcvO7xXph03XrMdbW5O2KVeqX8nR8IeBkp-dwGayzowM0PcIJ1mVI2td-PkfWk9-onU539FHTlyCG7zM3nTD7p4XXfZZp6OpWF4wWPyOYF9cm7UBzY_C6KtMcb74QiSP_iNB8ek90z_cAc6abvyMM9GmVifRJxKM?session=3&fife https://doc-0c-b8-mymaps.googleusercontent.com/untrusted/hostedimage/rv9gv6a0uatkmfi7763nt885rk/n8hgoafcal8vml0kcbssjqqtuo/1643036021250/kbODTGayMZyZsa1Q1BvBVZC_mlh3N4sO/04179419560406408847/5AIsG_vZ0twep2PougHNLn90dDHeYqU4lhuhifl3APbqLvK7itE_g9OF8YBAUsV9L495pWIWZdBXr8i5vnzppZBhKx7X7o6pKHMCTXy456DqMF5PcPhNwUECWSLJnp8iZnUxrmqi3SewLyg4oO-0-i3mc0k25hcujStWPU5rYJi0ctka7YdzTwGuOpoP02Hql-b2HDlcY?session=3&fife https://doc-08-b8-mymaps.googleusercontent.com/untrusted/hostedimage/rv9gv6a0uatkmfi7763nt885rk/f0309a871sftac0bg6i1jf1c5k/1643036021250/kbODTGayMZyZsa1Q1BvBVZC_mlh3N4sO/04179419560406408847/5AIsG_vbp8BIWaifOCR1F4KQArkzZLRxsnVGU5qiJfjtrhM2yZ-LAEHfriketViTxmUPM40HCooG3XYXnkw-ZhGXEszASPPVv8GWqH1CnhGR8C-TpXaMpyO8vGQMijy4yfukZFJHQIEwgmLnj3E6MLtXzBhuV2Zh0w-60QonE8dS_mmv185FDZC_7s2CdmMBUCaiQqaOm?session=3&fife https://doc-0s-b8-mymaps.googleusercontent.com/untrusted/hostedimage/rv9gv6a0uatkmfi7763nt885rk/qedcirdbb6l45l25vjpu98mmc8/1643036021250/kbODTGayMZyZsa1Q1BvBVZC_mlh3N4sO/04179419560406408847/5AIsG_vb3N2J_llawmC8X4aXDerBEfZAosFPqpdKsn1WA-5vZyPjaCyzB64yDaMpgzYaqpqYht4RfCNtPQpOeR5qA12xQ8cHJk3l4xOsOkxvR41Q3DL0l3MinI1wK1yTLnfgVe8UQkhB_8x9Gp21mjKqC5a9XBAMA4RAuAjckMcF0rPuVjcvYuI5hiAidCl4QhZh_mvWk?session=3&fife https://doc-08-b8-mymaps.googleusercontent.com/untrusted/hostedimage/rv9gv6a0uatkmfi7763nt885rk/rfljk8q78nl93sqfvcf93cttr4/1643036021250/kbODTGayMZyZsa1Q1BvBVZC_mlh3N4sO/04179419560406408847/5AIsG_vYY0wO--A5vpOwQ_6ZDoVffWpw3vifl86iQkyxiFv4T4xsFO9hqTszwMpFjfqjYYAYmL3plaT9xTaYUF4QKKMcS6HA9LYN6IOTFPDDVfdf0rt-978aXDCy51QB6IemMUJpGeA2t2hfm_b_UYWhz_E2qeS61hR9X0pczbCwMqsVF2tfwxkEWgGYwI_9Wr344rWAs?session=3&fife https://doc-0g-b8-mymaps.googleusercontent.com/untrusted/hostedimage/rv9gv6a0uatkmfi7763nt885rk/54kb4tb3rtsqvvft185s31q1k0/1643036021250/kbODTGayMZyZsa1Q1BvBVZC_mlh3N4sO/04179419560406408847/5AIsG_vbwHlr87CeTLBX76q8MBSZCgH7LmGisx0dUE-d0ny6EAKOPBh58XSFWTQr1Wv0WW8AH7tCH-AoooTv7WKWNh-ylzJgKS6pWvaJNRGAtAtuQl4L1uw3TRXC_rf5A-giQxfsJHNFYosEbJVmckNgz3OsqRBIhSbZh4vctg_MoB5oku1rOyPxQI0wt4B0SNeDDDkzb?session=3&fife,,
19,"-22,82045300","-43,22733800","-22.82045300, -43.22733800",Ilha do Governador,,,8,"1769,00",,,,,,,,,,,,,,"Estrada do Galeão, altura Base Aérea",https://doc-0c-b8-mymaps.googleusercontent.com/untrusted/hostedimage/rv9gv6a0uatkmfi7763nt885rk/rrkbqc1ls8t9dga89e52pqigdo/1643036021250/kbODTGayMZyZsa1Q1BvBVZC_mlh3N4sO/04179419560406408847/5AIsG_vZSXT2DpTqeSME24j6z0cS3_sqy-XJ-0kARb7spndi6L_lQ08FIG5ziDjGHp5_iNA62G-9eC3H6bHvDHNy9HV2t_tsO2qvBJxMjpycaEu4pjOFHqofQAyw4wZti91pmVh3hGEl-Ka0UICPOscaBPCwCMWzcQz5gBEfyjZ69lQxVjF4QBZF5h-i2D9oIEnIWExQ?session=3&fife https://doc-0s-b8-mymaps.googleusercontent.com/untrusted/hostedimage/rv9gv6a0uatkmfi7763nt885rk/go61o5pi013493p7squ5hsn8og/1643036021250/kbODTGayMZyZsa1Q1BvBVZC_mlh3N4sO/04179419560406408847/5AIsG_vYVkc4GDcAqL1KviBZeHd6OiY-L-cZ45x237fCSy9QZXb7-u_tL_-oBVqfiFRl9fV0rUX6RHLaa40ies3lK8pO1VmfJ6Wot7KxHdzdRZLebw0FV10AI8M9-pRXpIkCYFBLfbtu0ZtF88dMyLwxSS1fwrPehgWsGRVsaZTojWNTeVUX5RkbTfceYLnflFuZBEEg?session=3&fife,,
20,"-22,97307430","-43,36370400","-22.97307430, -43.36370400",Barra da Tijuca,,,19,"2888,48",,,,,,,,,,,,,,Av. Ayrton Senna x Abelardo Bueno (Posto Ipiranga),https://doc-08-b8-mymaps.googleusercontent.com/untrusted/hostedimage/rv9gv6a0uatkmfi7763nt885rk/69f295e5isi37qc5bbujn2p35s/1643036021250/kbODTGayMZyZsa1Q1BvBVZC_mlh3N4sO/04179419560406408847/5AIsG_vZkb_JZ6sZW8xYvXgBgRq-Kwg8DN_8_RDBwlv8htBDaH6CEJ6etGdND3HiSwy6PX1ExthU28pgewVEyILz7HU-joRy3qmv0a1sseJyBN_qTCNPaTmp9C94p8x2N6W1N_brHJxYWTwIkwHTQ8jN-kYnaS2g__Brxby80FugxxNS0-fZqUtGR428rMud9lUuX_1XO?session=3&fife https://doc-08-b8-mymaps.googleusercontent.com/untrusted/hostedimage/rv9gv6a0uatkmfi7763nt885rk/fqdgu76a8pttjpb7j70rdbloe0/1643036021250/kbODTGayMZyZsa1Q1BvBVZC_mlh3N4sO/04179419560406408847/5AIsG_vZinRXcJzkICfxSB-tz0TqgVVDwgrI6Wv_BxhPCwvTQK4o0THtjs4SV-WgIdDf5BCCAbnUvoVdbSeNZKzBglera4BJuueGS5BmajntMtLwE3AM6CWJExdt-_6-bP4lpjIHPxK9zL3HKt1BIt5FtILMcChzFv4xB4VqFqRTWdWsQ60stT6W4Xb4i4xB0B_WzwXo9?session=3&fife https://doc-0g-b8-mymaps.googleusercontent.com/untrusted/hostedimage/rv9gv6a0uatkmfi7763nt885rk/r8fdo7lqvnud4cc3om7tt7q01k/1643036021250/kbODTGayMZyZsa1Q1BvBVZC_mlh3N4sO/04179419560406408847/5AIsG_vYTildqnaFgknUIoDaleQR-bmAr4F-gVOXhRKq4Bg1a44Bd5VOAzovp3CxYshFIWtBEdWEX4P5TJOXdxyow4M0yn0Wn_rwbJlp4f5L1ILF-1eyDZx3-SwLtXf2VL0syvsXSV01aFf31PruqjdK_vnZdz9C0G9eycAOqXD9ogxajxJ-I-jjHJz-krP7d4P1lMZo?session=3&fife https://doc-0k-b8-mymaps.googleusercontent.com/untrusted/hostedimage/rv9gv6a0uatkmfi7763nt885rk/294r1tb4tdjm5ptr826dcg49gk/1643036021250/kbODTGayMZyZsa1Q1BvBVZC_mlh3N4sO/04179419560406408847/5AIsG_vbSp8pdShxtNU_cu7VPXPsSVrLs_5LomPM2olQpQGLD1p4AqitOCSBPHkZJMqky42cODNXITesR5UqfBJoFQr6XcJaXZf-RjmgaVTYC6fL0PrjwDEQFBee-uUz7_1aOrF4uP_gC-ncHii9SbS6MzZD6BbVU8HidxMSl6_5PLpZbTgQ3WrNfrDuhbdwMCnvAicM?session=3&fife,,
21,"-22,96101440","-43,35719750","-22.96101440, -43.35719750",Jacarepaguá,,,18,"1811,59",,,,,,,,,,,,,,"Av. Ayrton Senna, altura Espaço Hall",https://doc-0s-b8-mymaps.googleusercontent.com/untrusted/hostedimage/rv9gv6a0uatkmfi7763nt885rk/tanvs386l7dahhi6d76shpotdc/1643036021250/kbODTGayMZyZsa1Q1BvBVZC_mlh3N4sO/04179419560406408847/5AIsG_vbsR7BqQyzEDpAv5i7jWUoMWm0erHSUfishMpy_NNEb56wQjveCFbxjSnIvOJFz7rW4DLM61QQbf3ebtmRiJI3YlIWm1r0HqrFz-IOPmB9jcDJCk2nT0yXhkS6zwPuxWaqB-Z3Kguen80RSJtb2bV6Q6Hvs4SMlkOhrvYUdWmY2B1fGpQPEAdc7mNUbHzqD6-Ve?session=3&fife https://doc-0k-b8-mymaps.googleusercontent.com/untrusted/hostedimage/rv9gv6a0uatkmfi7763nt885rk/io8bsg2tt29uqbefdg6ku6emg8/1643036021250/kbODTGayMZyZsa1Q1BvBVZC_mlh3N4sO/04179419560406408847/5AIsG_vaRekDSJtPIG3olWWDMi4tINKQD4KIVezYLsK58fq9Ig_oErG7Rmlvuqx8Sclf9D_EZluRNWATkbKxQvDshvdatc2SDNouLzvCoDJWsKK4D-TxaVgKLAaiWgAUpswakySXQ3KMD7pO4SzYy2Wmsgk2rGcKwlRhi0dugmJjzoGupi-Ip8RHhYrT-5HiKTD8IoOjE?session=3&fife https://doc-14-b8-mymaps.googleusercontent.com/untrusted/hostedimage/rv9gv6a0uatkmfi7763nt885rk/g26qjnlbbf9rsjeod2ab5pkrm0/1643036021250/kbODTGayMZyZsa1Q1BvBVZC_mlh3N4sO/04179419560406408847/5AIsG_vZz_OuQknpCNGqiwp-SFejKu5rLxkunBgP1BdCwXd-5Jl0yHpV7HGMi-E1HIL1eizQBpnzvN49eVQCikAHHIxDtEMkUillf8yc3zj9raP1cYFR9Y51H7bDZW4Jjgh9Ixkl9dgUx5SKtF8XLfOW45hR4lyQNgIwgcwkxmo7jKbnuD7MLneFigA2G9g_bXRQbOgJr?session=3&fife https://doc-0k-b8-mymaps.googleusercontent.com/untrusted/hostedimage/rv9gv6a0uatkmfi7763nt885rk/qn1m93940o8hkkejjjjvtfmjfk/1643036021250/kbODTGayMZyZsa1Q1BvBVZC_mlh3N4sO/04179419560406408847/5AIsG_vba9XVZG2SChfNcJNKivHTmSr8d3Gx94jy5ehLiCDVDfkocIY_gGgsMVT6FuXVaferfP2ZlNt7fvn91Bhqy6CTUTC4QL4H_a2_AT-pAfB5C7gK76LjLGCxTrH961Kbbtq-Op4Pzc1mNHWW8elIZElsCGQQP3rOaTOygVWlEJg5oW5Nchz5xIA6JpiJ8h9rqVyQ-?session=3&fife https://doc-00-b8-mymaps.googleusercontent.com/untrusted/hostedimage/rv9gv6a0uatkmfi7763nt885rk/vkvjrorm54ngdjek4tun854pl8/1643036021250/kbODTGayMZyZsa1Q1BvBVZC_mlh3N4sO/04179419560406408847/5AIsG_vaN7N_HvqSa5DWvKZJdpjdh1Nm4NPcyTI-R5s-fBOkzXAQAzjgS05sa4UXNNdcoX-bgbiHmNcuqr_43luWb-JFKve-GT0dDICg4DugxCoME4XNyruBUUc1Pqv9KM7x5u_VPkezTOfDvr72j1ORe3IN0fR9gTl1RR5ZILEkAPgmz9JloBzaXXEuq3h9_LHUbIJdC?session=3&fife https://doc-0c-b8-mymaps.googleusercontent.com/untrusted/hostedimage/rv9gv6a0uatkmfi7763nt885rk/nbv7lkpvs3fguajhe94kdgdme4/1643036021250/kbODTGayMZyZsa1Q1BvBVZC_mlh3N4sO/04179419560406408847/5AIsG_va6h4ZMe6u7zLg6p66BrpSWTfPPDOAT3rvdthmcpkYai-7PGO_9b_2dYwr4tooy9Icss7e3Pod7DjQf5Ok-eb2B59b1U_TJERYexYss706BsHS7B9iAMb7oaEmGgd7z2n8cFhf78lrxnjDdY_vyPhIB8xgSXvjTNEkbgrtX_g1eEM5PpFzsDutQVsZ6heU1yHAJ?session=3&fife https://doc-00-b8-mymaps.googleusercontent.com/untrusted/hostedimage/rv9gv6a0uatkmfi7763nt885rk/mlber0aj3nkll638o5pdtvmlqc/1643036021250/kbODTGayMZyZsa1Q1BvBVZC_mlh3N4sO/04179419560406408847/5AIsG_valdk5rsdMPz0QKdKWRbBYhSiwxf1w-x5aWFg9qYFLCInJj4Ngg1w6xnbAfBb0kQUQ9fuy335waGKqReHZVs_yNm31nU2g6wo4bfYQ2zA6JilY_Q4WhBxNzNQF2yNjKfM1dcSLvZdd_Mh9SInXq4rOFftuNVmKIZGfj2igXSCrNVYuGKvSGwPhYpOdjBL4x1Vzg?session=3&fife https://doc-08-b8-mymaps.googleusercontent.com/untrusted/hostedimage/rv9gv6a0uatkmfi7763nt885rk/mdnonb6k1141rvq68e3omq953c/1643036021250/kbODTGayMZyZsa1Q1BvBVZC_mlh3N4sO/04179419560406408847/5AIsG_vYdSVTY2dK2VaVRFn25hbmESJyp-E_rns8LPvtseMGFNQ0F9zY39I9zulhoPlN68shWUG_mAhQIGnpnkGhETlO94wjbvvuvVMqaBcLyZZeiw4xfHMcdtwqNqsjQ3TVzEjEX-9sJ5LAvirloznZ4QkyoZjZV1pYB4_syT1WEexXF25XUTqAafGjCtxAkLkFjIlLi?session=3&fife https://doc-04-b8-mymaps.googleusercontent.com/untrusted/hostedimage/rv9gv6a0uatkmfi7763nt885rk/o10to21deeuaafa5h6cd8q7m04/1643036021250/kbODTGayMZyZsa1Q1BvBVZC_mlh3N4sO/04179419560406408847/5AIsG_vYdwyBtN-3P0XMPXn4v9Z_IY2IkLEF44X2HzsVk6aG1jtCTh-GihUMVuTx2sT_Q81uUptpum6Sh9A8XOZMn_zlm4Eh3FwIieSitTYtjDswnRWypffvBRDIP_Se-VtoccxOm0ank513JZsqg59z9uXOFsmQcn4R71zToJR48DIudf3Kdt35wcM-yxNqdSqvdjUk?session=3&fife,,
22,"-22,80507100","-43,19714500","-22.80507100, -43.19714500",Jardim Carioca,,,8,"1975,10",,,,,,,,,,,,,,"Rua Muiatuca, altura 19 GBM",https://doc-04-b8-mymaps.googleusercontent.com/untrusted/hostedimage/rv9gv6a0uatkmfi7763nt885rk/1oqfmeq5tqa41tk8nirhk7ru9c/1643036021250/kbODTGayMZyZsa1Q1BvBVZC_mlh3N4sO/04179419560406408847/5AIsG_vbnQaYizW1dOwAaWvJBdvNpCAwF76jG9cSuLgiBkdJd5cfja3yTdn5yvjYAL52ghNL-1eJJKO75NEmK9TAR2DcmA1LeMTk06ihW1Hxro0jHV6ZCsGGvagYbfwGb8hI2uVupnwtCLmQ4kRMrxU8fEq8DcyN1CtnC3UeNfstFacEzuqL_0pUjzFsbNYwu_-pog8M?session=3&fife https://doc-14-b8-mymaps.googleusercontent.com/untrusted/hostedimage/rv9gv6a0uatkmfi7763nt885rk/9nce113ghaufff9q2t4g714a18/1643036021250/kbODTGayMZyZsa1Q1BvBVZC_mlh3N4sO/04179419560406408847/5AIsG_vaYSlbla457ghYBL7R_2JD--x3V81UTp50TOAIOeKWPdzh13_jJ8ifxTW6xeg1IJbycY-HvbdijBDK23Im43Ywh4j69OhSPXUVc9vSn31AUgirHGMCxQxeJ5xiVF8lEJQDAsWrnNmTV2KY7iA3qGQFZh6wLJ-xcFbR4parzGvWT6h--JTBUYIMF3eEMQs3CUCI?session=3&fife https://doc-0s-b8-mymaps.googleusercontent.com/untrusted/hostedimage/rv9gv6a0uatkmfi7763nt885rk/5t6fk770qog687l22c0c31tc7o/1643036021250/kbODTGayMZyZsa1Q1BvBVZC_mlh3N4sO/04179419560406408847/5AIsG_vYdhKB0DrZyBLRTsQlFwGKNYvOLBlDvF8ELwCE5SDONwVYDZeub46BeKifagnL4oOZcl-_sDO_tFSo31IvQWjn_x40KA2D1mJi6xfSC6t5nsjBuvyarbb21YIsjbMv3eQo7ir4xumVij-8AnyjW-SOyVBhnQZkRijkySgjR0X_FYPV5qFqNM9g-1ZvwVvQz-wQ?session=3&fife https://doc-00-b8-mymaps.googleusercontent.com/untrusted/hostedimage/rv9gv6a0uatkmfi7763nt885rk/ta12r21et6sbirhc3caic3j5p4/1643036021250/kbODTGayMZyZsa1Q1BvBVZC_mlh3N4sO/04179419560406408847/5AIsG_valtWL4-J4fNkRg6IyLn9YW5MjxZm7X7Rzv4su_Iopqm4riQRSXspQd5R7VSVF_d8mkyIu7vMVa6MqGVgMuKAKYUXBxLhkLqIiZ6tWFAYqFJna7MrfL4QqS01Y4lAqnKtI_gLNwl8EoU5j_V0a8o5iJ9LJtDiFq17Solewxs03gT3FGyCp3BpNHcQuTSwgwwyE?session=3&fife https://doc-0k-b8-mymaps.googleusercontent.com/untrusted/hostedimage/rv9gv6a0uatkmfi7763nt885rk/scmjs0b1voj34d54jj7u4jpbog/1643036021250/kbODTGayMZyZsa1Q1BvBVZC_mlh3N4sO/04179419560406408847/5AIsG_vZ7Kcta0ehY3tlH7iDz6hrqsiFlrd1FjPzd60tY_ZT1RiPP3A8qMaXrIGHysFOrTNSXHUgnykt6tK6tMf6-5azGxkyQlvA06PnDPndbD6hQBWWG9JV5LcMJ7Ag7YccNsuXFt8FevGlT59dpNsY44eXVNFKrJSfm_6r4Qd7JR6RPRChu8gwKWTejqgkqIbT812M?session=3&fife https://doc-04-b8-mymaps.googleusercontent.com/untrusted/hostedimage/rv9gv6a0uatkmfi7763nt885rk/kq3n1fevdil0f3ut9ghc1u414c/1643036021250/kbODTGayMZyZsa1Q1BvBVZC_mlh3N4sO/04179419560406408847/5AIsG_vZW7Pa8ycwF2Su8Tbx4GgIwwz1LnggcDql5Sdw0w47cRgXdm8gDQL9cF4IDF4K9OwaKblxGPPX05B755Lsf8NX0I8TwKRsDbSAWQP5Rm_Zrn_rnTkzRSIaVJsucob3G9oe7C9MKD40HwQnD51TiP1j7haM1igv0DE4IRypeeqkSrB8i39HuvVM3PZ4juVdGw7c?session=3&fife https://doc-00-b8-mymaps.googleusercontent.com/untrusted/hostedimage/rv9gv6a0uatkmfi7763nt885rk/aqg3d270h805pt8jb1st12anrc/1643036021250/kbODTGayMZyZsa1Q1BvBVZC_mlh3N4sO/04179419560406408847/5AIsG_vZbfpje59jTST2n_5bX8QE6IjDQ3wGc9gojScT2AfWq5VGmGBZp4jglrfAiAh1v_neL8jC9FmSrfL3xY3KfHD8_dOYxtUax1vkkbuFuHNwuq7ho-_uSAPXpCCUZsz4Rv5P4GH1AGLT1uyY-4rlreY1bfafQLFNBJW_peLGmfP8ifEzMJVNgCZjqyWAx1R5jyYk?session=3&fife,,
23,"-22,96127320","-43,33485030","-22.96127320, -43.33485030",Jacarepaguá,,,18,"3352,31",,,,,,,,,,,,,,"Estr. de Jacarepaguá, altura Jardim Clarice",,,
24,"-22,91490088","-43,20711393","-22.91490088, -43.20711393",Estácio,,,5,"2164,73",,,,,,,,,,,,,,"Ponto 7 - Haddock lobo, ambos os lados da via",https://doc-0o-b8-mymaps.googleusercontent.com/untrusted/hostedimage/rv9gv6a0uatkmfi7763nt885rk/d62g7qb3ul2htqq77qs2v1n3dc/1643036021250/kbODTGayMZyZsa1Q1BvBVZC_mlh3N4sO/04179419560406408847/5AIsG_vYU34TKF71LpFEndA7btTgjfZviewZgd5LxOr7NsBjNQuh67gnkGL7QUQVYQZTpKbYxDYGgbuBjffkLj-D57Ly_8FDAQI5djYUXdNUN7Ne1WvWv2Lc3Ie5-1zHcThWJmZfNzsftiEffJd4B3XNKnO48mRFvXW014npAKqLzFBhvAVon63ffmOyc_6SGy15a_jHZ?session=3&fife,,
25,"-22,92377323","-43,17722339","-22.92377323, -43.17722339",Glória,,,31,"2143,51",,,,,,,,,,,,,,Rua do Catete x Rua Pedro Américo,,,
26,"-22,91258349","-43,18461791","-22.91258349, -43.18461791",Centro,,,15,"1867,68",,,,,,,,,,,,,,Rua do Rezende x Rua Mem de Sá,,,
27,"-22,93057339","-43,17928936","-22.93057339, -43.17928936",Catete,,,31,"1393,30",,,,,,,,,,,,,,Largo do Machado x Rua Bento Lisboa,,,
28,"-22,91393243","-43,17750301","-22.91393243, -43.17750301",Centro,,,15,"2253,45",,,,,,,,,,,,,,"Rua Teixeira de Freitas, entre Pça do Passeio Público e Pça Paris",,,
29,"-22,94425822","-43,18376429","-22.94425822, -43.18376429",Botafogo,,,31,"561,81",,,,,,,,,,,,,,Rua Muniz Barreto x Rua Marques de Olinda,,,
30,"-22,92576681","-43,17654379","-22.92576681, -43.17654379",Catete,,,31,"1991,76",,,,,,,,,,,,,,Rua do Catete x Rua Silveira Martins,,,
31,"-23,00652240","-43,31198970","-23.00652240, -43.31198970",Barra da Tijuca,,,17,"1282,18",,,,,,,,,,,,,,"Av . Armando Lombardi, altura Barra Point",https://doc-10-b8-mymaps.googleusercontent.com/untrusted/hostedimage/rv9gv6a0uatkmfi7763nt885rk/7qc9votfcemckitdg8s4ho553s/1643036021250/kbODTGayMZyZsa1Q1BvBVZC_mlh3N4sO/04179419560406408847/5AIsG_vbKidqTYr74p0LjRxGphx1XqRiqLKoHWaj9p_fpuHAfSYuzA9Eme6txWpaF0O52eKq4_wvPJFzLtttUcJRFOwi3IH2ss2CbUskueL12PoEh12yIp_A0PRSK6NE1vuvOqAKEs1fhdrcGm-CqXkpl3aIGdWeBlLnJONUggLu8S_8BcXpFk3LY3OyEbZr4ATy68gw?session=3&fife https://doc-10-b8-mymaps.googleusercontent.com/untrusted/hostedimage/rv9gv6a0uatkmfi7763nt885rk/eaq972itjpu82dkk0afvatr5lk/1643036021250/kbODTGayMZyZsa1Q1BvBVZC_mlh3N4sO/04179419560406408847/5AIsG_vZQAosF1zVHDE_ZiBbu5c4t6wgZ2UZhXhlwybdLlPg-dyYc3v84hFj5FcS_U0R-1zYY9NPmXU2u5NAo6YfRO2ZLAggBY-m2SbaIPgTsSHrUupgSVws9bcjiw4iBEkm6MaXrxGd-rmiEUYQqpwLxcv3zTJEzM0v8q9dmkfqwVovqULK2BcWnffQHyey7YSb4yH0?session=3&fife https://doc-00-b8-mymaps.googleusercontent.com/untrusted/hostedimage/rv9gv6a0uatkmfi7763nt885rk/nm8q4mmoru9qd231slq8ckfvdg/1643036021250/kbODTGayMZyZsa1Q1BvBVZC_mlh3N4sO/04179419560406408847/5AIsG_vZR5-l3gqAKpub7xLWcXAsYlAyYC1TfyZS5ftySvYMRW0hFcGVD_8ZZCR9dJO8wftRErECfZeKyjuQ0kdQaJkMxJm1i8ji4xBDwRkOmuoxDbBmplxapAkZcSvaJehAG1FatDlZpAMrvzOitwL8jC5c3RIcNQn1ivrIPZOAYc5zL1CNCuM9dmtG8Mpd7o9APKx95?session=3&fife,,
32,"-23,00417940","-43,30453420","-23.00417940, -43.30453420",Itanhangá,,,17,"692,78",,,,,,,,,,,,,,Estrada da Barra da Tijuca (Marina Barra Club) ,https://doc-08-b8-mymaps.googleusercontent.com/untrusted/hostedimage/rv9gv6a0uatkmfi7763nt885rk/3055j53fgbv168msidllg9d5io/1643036021250/kbODTGayMZyZsa1Q1BvBVZC_mlh3N4sO/04179419560406408847/5AIsG_vZ0KcuGfgrdOsFLns5fZ3cg897ALcwIg3NlkzXrCBgACl_4qQCl-RIUErqAgr6g-J0zTcgbA584tK9o_wnMEj7zQui6PGPId4OfuDBO9rgdBAgTcjkP-Hd7hPNehdCwQvx2IuiyfX5M6gUc-RE0RST1VX9bs7_gDqtJ1EDSbA2U1_vmpCRtFkvCcDSU1ljTMkly?session=3&fife https://doc-0o-b8-mymaps.googleusercontent.com/untrusted/hostedimage/rv9gv6a0uatkmfi7763nt885rk/ehgn808c6kai1tfh1799fqqjlo/1643036021250/kbODTGayMZyZsa1Q1BvBVZC_mlh3N4sO/04179419560406408847/5AIsG_vYbE-wCaLxcoCdZaKEPi0rdD01TgyA9JFvgr7wWVJLeWwkv74JwOfmvGC9yReWPd2voLpfQP16JKW-tY8bR521_XKYX-wgaPC0-Wdek2VykCfUyrnlsVJRQFUwEMJi6D-qAowO4VtrYqqRyIQ12sJE4FZnYMftUUvLVlnq_KvsvZXBeClPzX8H0pY9Z88oPFss?session=3&fife https://doc-0g-b8-mymaps.googleusercontent.com/untrusted/hostedimage/rv9gv6a0uatkmfi7763nt885rk/b9kbbi9ut760c294duo2igk15s/1643036021250/kbODTGayMZyZsa1Q1BvBVZC_mlh3N4sO/04179419560406408847/5AIsG_vZDo620hUWEX8DM5pq6DeoPW4oH2dwTaMUk1X2imHRN52rDqv0xXEndY6CSSkYxIsmE8L820kCkbgDZBodqoepgoaiMLTp5ZvRm7jmuC6lCno73GWGdrjmnXSDMNhpPphCSbx3Rwt7ZGE5gwG8GPmBESes5gNxLuoKJG3_YUalldiEbNpNQlYt67fw3vapYeyI?session=3&fife,,
33,"-22,94857020","-43,18092390","-22.94857020, -43.18092390",Botafogo,,,31,"1116,94",,,,,,,,,,,,,,Av das Nações Unida - Passagem Subterânea,,,
34,"-22,99623110","-43,31270960","-22.99623110, -43.31270960",Itanhangá,,,17,"1909,76",,,,,,,,,,,,,,Estrada do Itanhangá (Centro da Porshe),https://doc-0c-b8-mymaps.googleusercontent.com/untrusted/hostedimage/rv9gv6a0uatkmfi7763nt885rk/2l2m1fdai26kmrb5ahhq4ib6hk/1643036021250/kbODTGayMZyZsa1Q1BvBVZC_mlh3N4sO/04179419560406408847/5AIsG_vYaKdjknNQGYmtzcnWQY3X3fvbgH284UNISg1m9tuVXF0oEmXwXuHGMkkJsCEZt18DLdBbXpdFvAOp4s09l0OUGHE46L0MsS3T2NqqN2bEdAIrGWeOzlrJ_pISp107ceaxodC5B2weAAwC3N5m1gttwzYsyGVnRpMAMLNdr6yZwiwwv1v7nNlo2Ap59A5Teey8?session=3&fife https://doc-0s-b8-mymaps.googleusercontent.com/untrusted/hostedimage/rv9gv6a0uatkmfi7763nt885rk/et804oeo8ep7qvra7k6f35l1r8/1643036021250/kbODTGayMZyZsa1Q1BvBVZC_mlh3N4sO/04179419560406408847/5AIsG_vajFtdXpV5XkSiyz9vjE-e-DRVOCjvTmYbeC6Udc0rOcDQ2RxhD-UnpUJAjJN4K8lUyu5NyzPzK3PiTYubeFSg4f46jLDwvGP-rHnhfKMad_pxoTKnGo_231DL_mEhvip_7Houlk2GcD-YkScqL1_-eQdWdEORpU0OEkAdO1CBSa3EJLP-P6ii21fijRwpcYQZX?session=3&fife https://doc-0c-b8-mymaps.googleusercontent.com/untrusted/hostedimage/rv9gv6a0uatkmfi7763nt885rk/pjchnfvbl6st0275ni2curb2s0/1643036021250/kbODTGayMZyZsa1Q1BvBVZC_mlh3N4sO/04179419560406408847/5AIsG_vbC_DRsZ2_53lVm4kenZtrz2aSyXUpSWHrOYkz6JXnudcxn5rgiL6EX39xu4m4LgwAlBt1nSTtJMkYvXqOzBIEH_StGBzUoFzXJ3Np8oNdsFGeCZMhUfgUPjhZpO44TduvVuMJcPWtHGLGL_tJ5UWyiMed83aIQROxQ-ACXDvaYqP4C6b8ZtV_NWNf3QL0wmJk?session=3&fife https://doc-08-b8-mymaps.googleusercontent.com/untrusted/hostedimage/rv9gv6a0uatkmfi7763nt885rk/k3625t93rbs3gk13f947su8vf0/1643036021250/kbODTGayMZyZsa1Q1BvBVZC_mlh3N4sO/04179419560406408847/5AIsG_vZUTL6EoWh4LbXb3dtDWHIeLfGs6hCH5DwouGIj6eKYad6to-lf5_MDeDWXKYmtoUEglTwkdGQAjj7hAq-rsBNBo0a5UOxsJhZsYsF4AxWfE7wVBw7_nxV3MtPeeApRmMom6pAE3IMszg7fgM3ndkIv1KO6BcoQQBkate7oFM46Io8P25wG5ygqr4cbklV_HKvI?session=3&fife https://doc-10-b8-mymaps.googleusercontent.com/untrusted/hostedimage/rv9gv6a0uatkmfi7763nt885rk/p5et74j9aurep3mua4tsgme2pc/1643036021250/kbODTGayMZyZsa1Q1BvBVZC_mlh3N4sO/04179419560406408847/5AIsG_vZdLNQx-aSgrjJAHhObBw7gnFUN7ImZrqvqYTChWcyD--Zb19tKQhOSf5mJlnBMWqfsbGUyFCEdN-TvKmhaJ1ZA9aKQp0ieG6ZcurbCp9LwTYQ-Iw0Y1NlGe2qXXN_AyEw1wYMidPy_KK_JYR8oRu3XSElusGqbVZ6ZEz4dGRr4MGGSsDe7izV3yC1cGgwDVxM?session=3&fife https://doc-0o-b8-mymaps.googleusercontent.com/untrusted/hostedimage/rv9gv6a0uatkmfi7763nt885rk/u4fco7u2fbgluvvdegh9cofu1g/1643036021250/kbODTGayMZyZsa1Q1BvBVZC_mlh3N4sO/04179419560406408847/5AIsG_vZHVCgRANKDKbx5wJXhQGIXHDHTbdOnozf1QKC6iW7nGDhLr6TAGpHcdEiLLJuIr8rHANUsqZlppvciM_fOLiNJBBKGnyL844KT_iiPmLa9kRrgVFnhEtMlLQu2nwl9mUWrx_wxZImJfP5KDo9kq7tay2jAnQFFWW39faCy-ity6EsDUXerbA753mgSYY8Dk9Q?session=3&fife https://doc-08-b8-mymaps.googleusercontent.com/untrusted/hostedimage/rv9gv6a0uatkmfi7763nt885rk/tikl16agi9ja8h1dk6c4fbngcc/1643036021250/kbODTGayMZyZsa1Q1BvBVZC_mlh3N4sO/04179419560406408847/5AIsG_vZQ9r3mcBozbCVg-_dJ06WL0Fau_eK0QVAdHqLkhysGoL8nc5wUQAa2_Cq9Kcg7Kn3cOjbXXNQEefMejMyAizNEFSUGRbMg9w_tIzTIb0i19-K6rjXpXetbfT9BSXLhhoJF5CWdMfrYSCSjJ_-DgFvHV1QkqkJRTHs7EmDPNDw2c3Rcf3P671J3it_Y2c0Uo0k?session=3&fife,,
35,"-23,00670460","-43,30957330","-23.00670460, -43.30957330",Barra da Tijuca,,,17,"1035,19",,,,,,,,,,,,,,Av Armando Lombardi - Mergulhinho ,https://doc-04-b8-mymaps.googleusercontent.com/untrusted/hostedimage/rv9gv6a0uatkmfi7763nt885rk/b2ravv03ao7peos3ivv0ic9fs8/1643036021250/kbODTGayMZyZsa1Q1BvBVZC_mlh3N4sO/04179419560406408847/5AIsG_vbzVPEo1fxYc_v6_i7jYhpUxn1gtvF0_felJwvtY4gd0RXXaogWw8JQ3rmnOxc0P6XEJaRiNuzBfUxIjhUvKOFIEZrSowEeWS6vIbsyx3ennKJWd-iXWcqDpYYWoO-P6NT3g7l8eUhLXYdMLfHT-GV5JVxBQ_YTiLpkEjM-8ftE7y_LXFIyTUhgOmYJulVAr8o?session=3&fife https://doc-10-b8-mymaps.googleusercontent.com/untrusted/hostedimage/rv9gv6a0uatkmfi7763nt885rk/gqetijlkj4joc8si302b1ib7dc/1643036021250/kbODTGayMZyZsa1Q1BvBVZC_mlh3N4sO/04179419560406408847/5AIsG_vafhMIFOD-YLE4v_xbk2vkkGh4cnnSjyUU7GehMy5eRWVjSOTJCFjdu5kou7sFQhtloCmfdPVdH2KPPfkHvoDtYZ-eMcjGcNfdefc6etHWUW6Jjrn_GJXaQVdboWvlyq9_QB1UUs-HuYe-r5zmm6SBUx3o8Ubi95KZMUodU6TDqxZrt4wpVMxMQ3pIFdZflEMA?session=3&fife,,
36,"-22,81532740","-43,30105390","-22.81532740, -43.30105390",Parada de Lucas,,,11,"3899,29",,,,,,,,,,,,,,Rua Bulhões de Marcial x Av Brasil,,,
37,"-23,00334720","-43,30442900","-23.00334720, -43.30442900",Barra da Tijuca,,,17,"752,75",,,,,,,,,,,,,,"Estr da Barra da Tijuca, altura Serra Mar",,,
38,"-22,82078440","-43,32061630","-22.82078440, -43.32061630",Irajá,,,11,"1808,16",,,,,,,,,,,,,,"Trevo das Margaridas, altura Shopping Via Brasil",,,
39,"-23,01098050","-43,30100140","-23.01098050, -43.30100140",Barra da Tijuca,,,17,"309,65",,,,,,,,,,,,,,"Av. Ministro Ivan Lins, altura Ponte da Joatinga",https://doc-10-b8-mymaps.googleusercontent.com/untrusted/hostedimage/rv9gv6a0uatkmfi7763nt885rk/7a1gc5fj5t48baqaq5srecdbg0/1643036021250/kbODTGayMZyZsa1Q1BvBVZC_mlh3N4sO/04179419560406408847/5AIsG_vZLKfZZT5IvWPwSMo_4qIGF-gVwAfVfXmyhxsBEH6KaB15vVKHxbI2m8mIDOjVHUQzpy1_a1qCS0m4n7Vv9-D3972Jyk8MfWnqAEHBQzgTVCOcahiJJOgUNU39ZFiFIKLXOy_G9lHBX050K70k7frQ4Gd7W3R0os5o4FAfprh98F6q8hS5l5WrKcVN4sHmfD94?session=3&fife https://doc-0c-b8-mymaps.googleusercontent.com/untrusted/hostedimage/rv9gv6a0uatkmfi7763nt885rk/24iabi1m2l9fkdk07l2t9sppik/1643036021250/kbODTGayMZyZsa1Q1BvBVZC_mlh3N4sO/04179419560406408847/5AIsG_vbLiNUz3p2j0S1g08nmyYCAWQPOdAuz5YScIACjC8hnFP-o_RwowkmM8M-3B52efFenL5BIJQA0i0JYiP5yrHgyvKpqqHGU65ZUhV4ZZUV9wJ99jE0gQmQucH70BDGi3QKhFbd-FjHAm7lWLGUd9EpUlcGdFPBdHxWhN2ZEaCICrHH46G0k71R-xdkDGWjOnzNi?session=3&fife https://doc-0s-b8-mymaps.googleusercontent.com/untrusted/hostedimage/rv9gv6a0uatkmfi7763nt885rk/u4cvgmu1vo8hed4e6frnnh16v0/1643036021250/kbODTGayMZyZsa1Q1BvBVZC_mlh3N4sO/04179419560406408847/5AIsG_vZNKT9HW1ZyKB1aTeBew2WdXke0gQWXVnq4HrBQOiiGRfBdLYE6gTLQUccIkA4pyslKm1SxU_3foRWU8vujqd4U16A7XXQWIlONc05riQwlTEjQd_G1JZCvFi9yN5CKxUZG3EleikbtqNY1sDw_KtQH6hWInWzxw5Tdo3MwwRb-jeAmPGqiTaIbXgOfxu5-Zj3N?session=3&fife,,
40,"-22,92043262","-43,21660995","-22.92043262, -43.21660995",Rio Comprido,,,4,"1380,95",,,,,,,,,,,,,,Rua Haddock Lobo x Rua Engenheiro Adel,https://doc-04-b8-mymaps.googleusercontent.com/untrusted/hostedimage/rv9gv6a0uatkmfi7763nt885rk/k75gbh30hb4tm64a88289i3918/1643036021250/kbODTGayMZyZsa1Q1BvBVZC_mlh3N4sO/04179419560406408847/5AIsG_vZCXkzFarPHd73IA2xmv-6wi55p3qonmQnVDielHKrKoR8rSdctJ20yBofgTgIyEF-Cs93CvteD365Y-y95PuqYhyobVB-3ME1pyYCgA2RUACB3qfg73EXhfTt_MRGlgRwq9WaOqsx6sc2f8BCaSjYsT_WvMVDytNRTkebd0o70y14QTlrQ3_p6u8ukRy5S8Wwi?session=3&fife https://doc-10-b8-mymaps.googleusercontent.com/untrusted/hostedimage/rv9gv6a0uatkmfi7763nt885rk/b67v3rfmdttbc3u6mbqm13hnto/1643036021250/kbODTGayMZyZsa1Q1BvBVZC_mlh3N4sO/04179419560406408847/5AIsG_vYkzyN9T_fZJCIdVZpThYGgdF1EPVFPFiuoE_OQIjojUOs97zlkGZ5QclHxRF2xi0YLDEYdBTD5JgPBL3y19cUm6CASyRa3t--yEB7Msuu0dmy6WkhsE14KtOuM-mlm1NDVPGtDnnNi3L0HvKMJNVepUp4HSzUOpzkm9ENm5fctxfcizhp_LbMaelQmZOM8klAf?session=3&fife https://doc-04-b8-mymaps.googleusercontent.com/untrusted/hostedimage/rv9gv6a0uatkmfi7763nt885rk/4bdb9g086h60nvnj998tb9d2l0/1643036021250/kbODTGayMZyZsa1Q1BvBVZC_mlh3N4sO/04179419560406408847/5AIsG_vZAcKIsQMJs02lWXYho2-hFwPoSZmmC3Je9SmKtsa1IWylNA8X0YSSb4noJmjdJGnkqFJFJqpLlFcrnHdJQUeqJTrZvUkfUbw23tIDIgZHpHVJ4QxCwi_8c-Xt6a-W31KHFUYxOFIFvgirfb430enBC-c99kfGunulxUjitphEFjoKkeubrbyTCOkwYi5fHjw9l?session=3&fife,,
41,"-22,90946380","-43,20606690","-22.90946380, -43.20606690",Cidade Nova,,,32,"2140,31",,,,,,,,,,,,,,"Av. Presidente Vargas, acesso a Av. Francisco Bicalho",https://doc-14-b8-mymaps.googleusercontent.com/untrusted/hostedimage/rv9gv6a0uatkmfi7763nt885rk/i1nrqm7te79n9shku9ca8jjpfc/1643036021250/kbODTGayMZyZsa1Q1BvBVZC_mlh3N4sO/04179419560406408847/5AIsG_vbFiutNaMJUVty49a0WabzWna-B2ZOiVwLwrtxadvqSfv0kdOFZ6pDh9-rnPwwy9aE8W3W5ZFIyWXLUr_8OCp2WQqADXWtaZGJRLHd5DgJW4CHXmzPZinYkMy2jYrWspjpYUCNv5m_14Dc_cje0-jk1QG0u5R1-JwNUD7p_N-L_T4fPGnvxY3Um5ilt0_DODRic?session=3&fife https://doc-0g-b8-mymaps.googleusercontent.com/untrusted/hostedimage/rv9gv6a0uatkmfi7763nt885rk/76ere1dgc2k64dp4ncbl0i3ets/1643036021250/kbODTGayMZyZsa1Q1BvBVZC_mlh3N4sO/04179419560406408847/5AIsG_vYh0BAiAvW0OR_EMTS3j7t0z73HL32kFeOPweQuoNwivitT-k4z4cRZh7NNf75ApceDHQDIs4vwkejnCF2Y5YHwp5mh_poF_9avYW7A5ZbUZsnzE0EZcps0iKzz8JXK7apilGD0QNbvzhmX9jkVQPlO4_NcPjhllVYBpRiGz2fSMlrQOjfPjRUAVmemRVCg1AJR?session=3&fife https://doc-14-b8-mymaps.googleusercontent.com/untrusted/hostedimage/rv9gv6a0uatkmfi7763nt885rk/dvrqp91k8gvluuuaf9p8eft6s8/1643036021250/kbODTGayMZyZsa1Q1BvBVZC_mlh3N4sO/04179419560406408847/5AIsG_vaFgWPdNooiTM0f3VEhBfc28dooDEu3pmS_QCLJJ48LFpyv-Lu94LGoP1mPxbr6On95_F11uLThBBb77ZGRJwGn8s5K38fW6-nJaRFsrQ8pgougG0AdOSaRFZ_3d8GYyZz3XyEjmMl5MaxzIq7U_IMBET7ZAXbzE4zIfYvJfvldxrtpau4cE6N5IWOtr57W3q6p?session=3&fife,,
42,"-22,84140710","-43,27577680","-22.84140710, -43.27577680",Penha,,,9,"341,17",,,,,,,,,,,,,,"Rua Ibiapina, entre R. Monsenhor Alves e R. Tomas Ribeiro ",,,
43,"-22,87232380","-43,33640270","-22.87232380, -43.33640270",Madureira,,,10,"278,40",,,,,,,,,,,,,,Av. Min. Edgard Romero x Rua Conselheiro Galvão,,,
44,"-22,88210990","-43,33219700","-22.88210990, -43.33219700",Cascadra,,,10,"1193,39",,,,,,,,,,,,,,Av. Ernani Cardoso x Rua Padre Telêmaco,,,
45,"-22,90292130","-43,26857300","-22.90292130, -43.26857300",Engenho Novo,,,23,"1683,88",,,,,,,,,,,,,,Rua 24 de Maio - Buraco do Padre,,,
46,"-22,92022320","-43,25977780","-22.92022320, -43.25977780",Vila Isabel,,,7,"821,70",,,,,,,,,,,,,,Rua Alexandre Calaza,,,
47,"-22,88793480","-43,22535100","-22.88793480, -43.22535100",São Cristóvão,,,32,"1042,26",,,,,,,,,,,,,,Rua Bela x Rua Ricardo de Machado,,,
48,"-22,96095010","-43,64930420","-22.96095010, -43.64930420",Santa Cruz,,,27,"6447,91",,,,,,,,,,,,,,"Estr. da Pedra, altura BRT Pingo d'água",,,